,index,Unnamed: 0.1,Unnamed: 0,PLAYER,SEASON_ID,AGE,SEASON_NO,GP,MIN,FGM,FGA,FG3M,FG3A,FTM,FTA,OREB,DREB,REB,AST,STL,BLK,TOV,PF,PTS,PTS_PRED,PRED_DIFF
0,0,0,0,A.J. Lawson,2022-23,21.0,0,1,2.0,1,1,0,0,0,0,0,1,1,0,0,0,0,1,2,-89.93050956434865,91.93050956434865
1,1,1,1,AJ Green,2022-23,21.0,0,12,69.0,13,24,9,19,3,3,2,6,8,4,1,0,2,11,38,-54.73143731715106,92.73143731715106
2,2,2,2,AJ Griffin,2022-23,21.0,0,29,623.0,123,259,51,135,14,16,20,48,68,29,31,3,24,37,311,236.31760783131836,74.68239216868164
3,11,11,11,Aaron Gordon,2022-23,27.0,8,28,828.0,185,303,29,75,80,123,62,118,180,59,25,22,43,51,479,490.87148145572996,-11.871481455729963
4,16,16,16,Aaron Holiday,2022-23,26.0,4,29,486.0,54,123,19,44,19,23,14,28,42,46,22,5,21,50,146,173.786021864274,-27.786021864274005
5,19,19,19,Aaron Nesmith,2022-23,23.0,2,28,628.0,89,207,44,116,30,35,21,80,101,31,22,14,28,87,252,259.6619658316845,-7.661965831684483
6,21,21,21,Aaron Wiggins,2022-23,24.0,1,25,468.0,58,124,17,47,26,33,24,67,91,38,14,4,21,40,159,101.26072560852288,57.739274391477124
7,24,24,24,Admiral Schofield,2022-23,26.0,2,22,278.0,38,79,18,49,11,11,17,27,44,16,5,3,4,45,105,-20.191244929928416,125.19124492992842
8,40,40,40,Al Horford,2022-23,37.0,15,24,745.0,92,182,52,116,5,8,24,130,154,64,12,28,17,46,241,423.80066586966365,-182.80066586966365
9,52,52,52,Alec Burks,2022-23,31.0,11,22,451.0,88,197,39,97,71,92,5,56,61,38,17,2,26,52,286,291.8948857614964,-5.894885761496425
10,55,55,55,Aleksej Pokusevski,2022-23,21.0,2,30,676.0,106,242,37,100,21,33,45,111,156,62,20,40,41,57,270,348.8641850984221,-78.86418509842213
11,61,61,61,Alex Caruso,2022-23,29.0,5,30,749.0,53,121,25,67,29,38,12,72,84,109,48,20,41,69,160,258.3293217210097,-98.3293217210097
12,71,71,71,Alex Len,2022-23,30.0,9,8,25.0,5,9,0,0,1,2,3,6,9,2,0,0,0,3,11,15.38178108093416,-4.381781080934161
13,76,76,76,Alize Johnson,2022-23,27.0,4,4,30.0,3,6,0,2,1,2,2,8,10,1,1,0,4,3,7,-97.77029987042852,104.77029987042852
14,77,77,77,Alondes Williams,2022-23,21.0,0,1,5.0,0,0,0,0,0,0,0,1,1,0,0,0,2,1,0,-88.35443170253382,88.35443170253382
15,79,79,79,Alperen Sengun,2022-23,20.0,1,29,773.0,165,301,4,23,88,112,97,155,252,71,19,27,60,95,422,389.4652551817638,32.53474481823622
16,83,83,83,Amir Coffey,2022-23,26.0,3,27,400.0,33,86,9,26,33,41,11,21,32,33,6,2,13,33,108,86.25385563806174,21.746144361938264
17,94,94,94,Andre Drummond,2022-23,29.0,10,25,347.0,65,117,0,2,22,40,56,121,177,19,14,8,28,50,152,258.89122584209576,-106.89122584209576
18,113,113,113,Andrew Nembhard,2022-23,21.0,0,28,735.0,94,203,38,102,14,16,13,72,85,107,28,6,41,84,240,295.1578480057382,-55.157848005738174
19,122,122,122,Andrew Wiggins,2022-23,28.0,8,22,722.0,163,319,67,149,27,43,34,79,113,48,30,17,30,64,420,403.19091026608953,16.80908973391047
20,127,127,127,Anfernee Simons,2022-23,24.0,4,31,1112.0,248,564,121,316,82,92,9,80,89,129,25,7,69,80,699,566.6459091739996,132.3540908260004
21,138,138,138,Anthony Davis,2022-23,30.0,10,25,836.0,255,429,9,31,166,201,78,224,302,66,33,53,47,68,685,483.79943057906064,201.20056942093936
22,141,141,141,Anthony Edwards,2022-23,21.0,2,33,1209.0,277,605,83,231,130,172,23,176,199,147,58,16,104,92,767,628.8806852141878,138.1193147858122
23,144,144,144,Anthony Gill,2022-23,30.0,2,27,293.0,31,54,2,14,14,17,15,26,41,13,5,5,5,35,78,-140.2808025762556,218.2808025762556
24,147,147,147,Anthony Lamb,2022-23,25.0,2,25,457.0,54,106,28,71,3,8,17,59,76,39,15,7,28,52,139,105.84055423053923,33.159445769460774
25,149,149,149,Austin Reaves,2022-23,25.0,1,30,884.0,107,204,39,98,80,89,21,71,92,63,17,12,36,49,333,287.8177023746605,45.182297625339515
26,160,160,160,Austin Rivers,2022-23,30.0,10,23,428.0,42,89,21,51,21,23,2,36,38,25,12,1,13,35,126,269.45284137224553,-143.45284137224553
27,162,162,162,Ayo Dosunmu,2022-23,23.0,1,30,795.0,116,228,28,84,24,29,17,75,92,84,21,11,41,72,284,305.0456992851883,-21.045699285188277
28,168,168,168,Bam Adebayo,2022-23,25.0,5,30,1054.0,248,466,1,10,127,151,74,219,293,101,28,19,93,94,624,546.5338512942506,77.46614870574945
29,173,173,173,Ben Simmons,2022-23,25.0,4,23,625.0,88,142,0,1,18,37,24,131,155,140,31,12,50,84,194,278.8034495338776,-84.8034495338776
30,174,174,174,Bennedict Mathurin,2022-23,21.0,0,33,941.0,180,437,60,169,147,182,38,96,134,47,20,3,59,64,567,403.3818611836889,163.6181388163111
31,186,186,186,Bismack Biyombo,2022-23,30.0,11,27,374.0,44,75,0,0,12,33,29,74,103,24,9,40,29,55,100,283.4347073804331,-183.4347073804331
32,199,199,199,Blake Griffin,2022-23,34.0,12,14,223.0,28,55,8,23,15,21,15,44,59,18,3,1,6,30,79,118.48677556787356,-39.486775567873565
33,200,200,200,Blake Wesley,2022-23,21.0,0,2,23.0,6,9,2,3,2,4,1,1,2,4,0,0,2,3,16,-78.8979645316449,94.8979645316449
34,208,208,208,Boban Marjanovic,2022-23,34.0,7,10,38.0,7,11,0,1,7,9,1,9,10,1,1,1,2,1,21,-190.4610301816449,211.4610301816449
35,216,216,216,Bobby Portis,2022-23,28.0,7,32,835.0,187,374,34,113,31,40,78,243,321,60,9,9,38,56,439,420.20524220692664,18.79475779307336
36,222,222,222,Bogdan Bogdanovic,2022-23,30.0,5,10,298.0,63,148,37,93,14,16,2,37,39,21,7,2,18,11,177,-10.600203577334696,187.6002035773347
37,231,231,231,Bojan Bogdanovic,2022-23,34.0,8,34,1049.0,231,473,84,202,161,178,19,104,123,80,19,1,79,60,707,383.0284767708025,323.9715232291975
38,235,235,235,Bol Bol,2022-23,23.0,3,34,890.0,169,284,25,62,49,63,47,196,243,34,18,56,67,47,412,439.65736661769944,-27.657366617699438
39,237,237,237,Bones Hyland,2022-23,22.0,1,23,475.0,103,262,57,140,46,55,7,42,49,71,16,8,39,39,309,168.92321409712474,140.07678590287526
40,248,248,248,Bradley Beal,2022-23,30.0,10,22,763.0,196,372,33,100,97,113,19,62,81,115,23,12,61,42,522,445.44820260823343,76.55179739176657
41,250,250,250,Brandon Boston Jr.,2022-23,21.0,0,13,124.0,23,61,8,18,15,19,3,10,13,9,3,0,5,9,69,-25.836676517212823,94.83667651721282
42,254,254,254,Brandon Clarke,2022-23,26.0,3,31,605.0,131,201,1,6,58,78,40,125,165,35,12,25,35,73,321,193.95250952874085,127.04749047125915
43,261,261,261,Brandon Ingram,2022-23,25.0,6,15,481.0,109,231,28,60,66,76,7,69,76,70,13,10,42,33,312,287.85424720847493,24.14575279152507
44,263,263,263,Braxton Key,2022-23,26.0,1,3,9.0,1,1,0,0,2,2,0,1,1,0,0,0,0,0,4,-203.86416072684472,207.86416072684472
45,280,280,280,Brook Lopez,2022-23,35.0,14,31,947.0,171,340,66,165,52,64,55,129,184,37,16,80,41,70,460,551.5569478553745,-91.55694785537446
46,285,285,285,Bruce Brown,2022-23,26.0,4,31,937.0,139,283,40,98,31,38,29,105,134,132,29,21,52,81,349,410.7230604237681,-61.72306042376812
47,289,289,289,Bruno Fernando,2022-23,24.0,3,15,164.0,26,45,0,1,13,20,25,32,57,16,4,11,8,33,65,26.25403731966344,38.74596268033656
48,290,290,290,Bryce McGowens,2022-23,21.0,0,13,186.0,18,45,6,16,11,12,3,15,18,13,4,4,6,7,53,6.735599293626706,46.264400706373294
49,297,297,297,Bryn Forbes,2022-23,29.0,6,19,203.0,23,66,9,33,10,10,4,7,11,12,7,1,7,15,65,13.834418391567283,51.16558160843272
50,298,298,298,Buddy Boeheim,2022-23,21.0,0,1,1.0,0,0,0,0,0,0,0,0,0,0,0,0,0,0,0,-90.45586885162027,90.45586885162027
51,305,305,305,Buddy Hield,2022-23,30.0,6,33,1054.0,207,463,122,301,42,49,31,123,154,89,31,11,70,68,578,428.9226851208533,149.07731487914668
52,317,317,317,CJ McCollum,2022-23,31.0,9,28,990.0,211,508,70,193,50,60,26,117,143,171,28,19,67,51,542,490.3610065591831,51.638993440816876
53,319,319,319,Cade Cunningham,2022-23,21.0,1,12,400.0,93,224,17,61,36,43,12,62,74,72,10,7,39,34,239,161.51375429060465,77.48624570939535
54,320,320,320,Caleb Houstan,2022-23,21.0,0,22,397.0,30,82,21,59,11,13,15,40,55,16,4,2,6,37,92,117.58640890793549,-25.586408907935493
55,324,324,324,Caleb Martin,2022-23,27.0,3,30,973.0,123,264,44,111,32,40,47,93,140,58,34,12,37,58,322,355.2922405058413,-33.29224050584128
56,328,328,328,Cam Reddish,2022-23,23.0,3,20,438.0,61,136,17,56,29,33,7,24,31,20,15,8,15,32,168,202.1949687709337,-34.19496877093371
57,330,330,330,Cam Thomas,2022-23,21.0,1,25,352.0,53,132,11,30,47,60,3,29,32,35,9,3,19,22,164,136.2965085015676,27.703491498432413
58,334,334,334,Cameron Johnson,2022-23,27.0,3,8,202.0,37,83,22,51,8,11,5,22,27,14,9,3,2,14,104,-49.7597699805666,153.7597699805666
59,342,342,342,Cameron Payne,2022-23,28.0,7,26,645.0,123,296,48,124,36,47,9,53,62,139,25,5,51,55,330,320.38697762532155,9.61302237467845
60,349,349,349,Caris LeVert,2022-23,28.0,6,30,923.0,126,319,43,124,57,76,23,103,126,117,21,4,49,69,352,424.0855919659736,-72.0855919659736
61,356,356,356,Cedi Osman,2022-23,28.0,5,33,748.0,116,249,44,131,36,53,10,79,89,51,16,4,28,56,312,289.79644917258827,22.203550827411732
62,358,358,358,Charles Bassey,2022-23,22.0,1,22,311.0,46,69,2,6,16,24,43,75,118,28,8,22,26,47,110,82.76429098458146,27.235709015418536
63,366,366,366,Chima Moneke,2022-23,21.0,0,2,8.0,1,2,0,0,0,2,2,0,2,1,0,0,2,2,2,-86.77835384071909,88.77835384071909
64,371,371,371,Chimezie Metu,2022-23,26.0,4,25,278.0,52,89,5,21,16,20,15,61,76,16,9,5,17,28,125,64.51129011178,60.48870988822
65,377,377,377,Chris Boucher,2022-23,30.0,5,28,635.0,103,229,22,81,71,93,63,111,174,15,21,21,18,70,299,166.44587623319632,132.55412376680368
66,383,383,383,Chris Duarte,2022-23,26.0,1,12,225.0,37,92,17,49,13,17,4,21,25,15,2,4,11,21,104,-90.38655467617787,194.38655467617787
67,401,401,401,Chris Paul,2022-23,38.0,17,19,595.0,74,184,28,79,52,62,11,77,88,166,28,4,36,47,228,397.7068210817813,-169.7068210817813
68,402,402,402,Christian Braun,2022-23,21.0,0,28,411.0,39,90,10,32,11,20,18,43,61,16,9,5,10,32,99,124.94143892973796,-25.941438929737956
69,403,403,403,Christian Koloko,2022-23,21.0,0,31,509.0,41,93,0,7,31,47,50,54,104,15,8,39,16,82,113,176.4266490823553,-63.42664908235531
70,404,404,404,Christian Wood,2022-23,21.0,0,30,818.0,186,349,47,122,88,124,34,206,240,39,13,25,69,82,507,338.76266884928145,168.23733115071855
71,407,407,407,Chuma Okeke,2022-23,24.0,2,18,392.0,32,87,18,60,16,21,21,55,76,26,11,9,9,34,98,103.68468729673515,-5.684687296735149
72,416,416,416,Clint Capela,2022-23,29.0,8,27,743.0,147,231,0,0,30,50,117,205,322,20,17,36,26,64,324,382.23096855994294,-58.23096855994294
73,420,420,420,Coby White,2022-23,23.0,3,24,495.0,67,166,37,110,22,28,3,55,58,44,15,4,23,41,193,232.14044814541523,-39.140448145415235
74,424,424,424,Cody Martin,2022-23,27.0,3,1,1.0,0,0,0,0,0,0,0,0,0,0,0,0,0,0,0,-155.35698672215926,155.35698672215926
75,427,427,427,Cole Anthony,2022-23,23.0,2,17,444.0,80,177,25,67,44,49,7,72,79,74,14,5,29,56,229,162.995856973709,66.00414302629099
76,428,428,428,Cole Swider,2022-23,21.0,0,1,2.0,0,1,0,1,0,0,0,1,1,1,0,0,0,0,0,-89.93050956434865,89.93050956434865
77,433,433,433,Collin Sexton,2022-23,24.0,4,28,678.0,138,275,27,71,102,122,23,42,65,80,16,2,50,65,405,338.63997849812284,66.36002150187716
78,435,435,435,Corey Kispert,2022-23,24.0,1,26,732.0,90,183,45,111,21,28,15,50,65,40,15,4,16,41,246,239.95557744822668,6.044422551773323
79,447,447,447,Cory Joseph,2022-23,31.0,11,29,429.0,49,120,18,52,14,20,7,25,32,90,8,2,17,39,130,280.33698144152106,-150.33698144152106
80,455,455,455,D'Angelo Russell,2022-23,27.0,7,31,1006.0,190,413,72,202,63,79,18,83,101,202,36,17,86,67,515,542.0341670692214,-27.03416706922144
81,465,465,465,Daishen Nix,2022-23,21.0,1,29,438.0,35,101,21,67,15,21,10,40,50,76,23,3,42,28,106,181.47740720692565,-75.47740720692565
82,467,467,467,Dalano Banton,2022-23,23.0,1,22,222.0,44,104,13,43,14,17,9,23,32,26,12,12,13,24,115,4.014827678558277,110.98517232144172
83,468,468,468,Dalen Terry,2022-23,21.0,0,12,42.0,4,12,1,4,3,4,0,3,3,7,1,2,4,4,12,-68.91613807348449,80.91613807348449
84,475,475,475,Damian Jones,2022-23,28.0,6,17,164.0,20,36,0,3,12,16,17,35,52,4,2,11,8,15,52,25.33789292682502,26.66210707317498
85,486,486,486,Damian Lillard,2022-23,32.0,10,21,734.0,177,395,92,235,142,157,13,68,81,149,18,4,72,39,588,366.22780979965614,221.77219020034386
86,492,492,492,Damion Lee,2022-23,30.0,5,33,706.0,91,198,60,126,28,30,22,87,109,40,15,3,28,48,270,203.7463856294803,66.2536143705197
87,496,496,496,Daniel Gafford,2022-23,24.0,3,34,514.0,94,127,0,0,40,69,57,90,147,17,12,37,29,62,228,210.12978786472536,17.87021213527464
88,534,534,534,Danuel House Jr.,2022-23,30.0,6,26,458.0,46,91,19,53,23,30,7,46,53,19,6,6,13,36,134,115.80854990697645,18.191450093023548
89,540,540,540,Dario Saric,2022-23,28.0,5,16,176.0,21,60,8,26,8,10,16,34,50,15,3,2,10,25,58,-10.709063146770063,68.70906314677006
90,544,544,544,Darius Bazley,2022-23,23.0,3,22,359.0,47,108,11,31,18,35,20,63,83,22,12,25,12,27,123,160.69158507647688,-37.69158507647688
91,548,548,548,Darius Garland,2022-23,23.0,3,28,1003.0,199,460,67,175,112,127,11,64,75,219,38,5,94,59,577,499.0229660793908,77.97703392060919
92,550,550,550,David Duke Jr.,2022-23,23.0,1,14,126.0,19,43,0,6,4,8,6,9,15,12,5,1,13,23,42,-46.419663899515854,88.41966389951585
93,557,557,557,David Roddy,2022-23,21.0,0,31,586.0,78,194,30,104,21,33,20,66,86,22,12,10,24,44,207,216.87931420226897,-9.879314202268972
94,559,559,559,Davion Mitchell,2022-23,24.0,1,30,585.0,77,170,24,77,12,17,6,42,48,72,15,8,31,47,190,162.7277622193007,27.2722377806993
95,566,566,566,Davis Bertans,2022-23,30.0,6,14,129.0,21,50,18,43,8,9,4,7,11,4,3,2,4,18,68,-57.03465560538177,125.03465560538177
96,570,570,570,Davon Reed,2022-23,28.0,3,21,219.0,16,54,11,31,9,12,5,26,31,11,5,2,12,24,52,-72.82114883579959,124.82114883579959
97,572,572,572,Day'Ron Sharpe,2022-23,21.0,1,18,154.0,24,46,3,4,12,17,23,35,58,10,3,10,13,30,63,32.27536962178965,30.72463037821035
98,578,578,578,De'Aaron Fox,2022-23,25.0,5,28,906.0,238,476,48,143,126,160,12,128,140,155,27,12,70,78,650,468.78067677805296,181.21932322194704
99,582,582,582,De'Andre Hunter,2022-23,25.0,3,28,860.0,150,335,40,113,79,96,18,96,114,34,10,6,36,81,419,359.91161452185054,59.08838547814946
100,587,587,587,De'Anthony Melton,2022-23,25.0,4,28,844.0,125,298,66,174,19,27,32,102,134,92,60,11,47,61,335,393.85713344635917,-58.85713344635917
101,602,602,602,DeAndre Jordan,2022-23,34.0,14,24,353.0,50,65,1,1,16,34,34,96,130,21,3,16,27,40,117,271.48601795489094,-154.48601795489094
102,616,616,616,DeMar DeRozan,2022-23,33.0,13,32,1138.0,292,578,14,47,229,258,16,145,161,156,27,13,63,89,827,673.5342776810974,153.46572231890264
103,620,620,620,Dean Wade,2022-23,26.0,3,17,409.0,38,84,23,56,9,13,10,59,69,17,12,6,7,42,108,90.9820892235062,17.017910776493807
104,625,625,625,Deandre Ayton,2022-23,24.0,4,29,829.0,223,355,5,16,60,84,87,189,276,56,13,23,58,85,511,417.96923087613527,93.03076912386473
105,633,633,633,Dejounte Murray,2022-23,26.0,5,28,1004.0,229,507,57,163,62,74,20,129,149,174,50,11,73,50,577,488.2734001918201,88.72659980817991
106,634,634,634,Delon Wright,2022-23,21.0,0,5,106.0,10,25,3,12,5,7,4,7,11,21,12,4,4,7,28,-35.293143688101736,63.293143688101736
107,637,637,637,Deni Avdija,2022-23,22.0,2,32,835.0,94,226,29,98,43,54,27,150,177,87,26,21,44,100,260,400.4038250357571,-140.4038250357571
108,647,647,647,Dennis Schroder,2022-23,29.0,9,19,481.0,67,155,18,54,40,44,2,34,36,68,8,0,28,39,192,286.9381028156366,-94.93810281563663
109,653,653,653,Dennis Smith Jr.,2022-23,25.0,5,15,419.0,62,134,10,30,6,12,9,40,49,85,27,10,23,34,140,212.93070387678108,-72.93070387678108
110,654,654,654,Dereon Seabron,2022-23,21.0,0,2,3.0,0,0,0,0,0,0,0,0,0,0,0,0,0,0,0,-89.40515027707704,89.40515027707704
111,673,673,673,Derrick Jones Jr.,2022-23,26.0,6,25,345.0,48,96,11,32,30,36,23,35,58,15,13,17,11,32,137,184.4128974006863,-47.41289740068629
112,687,687,687,Derrick Rose,2022-23,34.0,13,23,296.0,56,141,18,53,10,10,8,29,37,43,7,5,20,15,140,199.1892710595551,-59.1892710595551
113,693,693,693,Derrick White,2022-23,28.0,5,33,852.0,109,250,50,133,58,67,20,79,99,101,27,26,32,79,326,344.4338150488353,-18.4338150488353
114,696,696,696,Desmond Bane,2022-23,25.0,2,13,427.0,103,226,48,110,59,64,6,56,62,59,8,3,28,33,313,90.07977561239102,222.92022438760898
115,704,704,704,Devin Booker,2022-23,26.0,7,28,997.0,282,591,67,181,153,180,23,111,134,161,26,11,70,77,784,569.2984202226274,214.70157977737256
116,709,709,709,Devin Vassell,2022-23,22.0,2,26,816.0,185,413,73,183,62,76,6,98,104,91,32,10,40,37,505,390.4219985775966,114.57800142240342
117,712,712,712,Devon Dotson,2022-23,23.0,2,6,53.0,1,10,1,4,0,0,6,4,10,8,5,0,3,9,3,-42.419624349488686,45.419624349488686
118,717,717,717,Devonte' Graham,2022-23,28.0,4,32,475.0,52,138,40,112,30,37,9,38,47,66,15,7,19,25,174,104.02209622658575,69.97790377341425
119,727,727,727,Dewayne Dedmon,2022-23,33.0,9,26,316.0,62,122,11,36,30,42,26,71,97,15,6,12,17,53,165,72.28387346042041,92.71612653957959
120,733,733,733,Dillon Brooks,2022-23,27.0,5,28,862.0,188,455,65,187,61,78,21,82,103,79,26,4,48,90,502,381.6798946604017,120.32010533959829
121,740,740,740,Domantas Sabonis,2022-23,27.0,6,31,1041.0,202,330,14,36,138,185,90,295,385,209,25,15,76,112,556,518.0704746028733,37.92952539712667
122,741,741,741,Dominick Barlow,2022-23,21.0,0,4,26.0,3,7,0,3,4,4,2,1,3,3,1,0,0,3,10,-77.32188666983018,87.32188666983018
123,747,747,747,Donovan Mitchell,2022-23,26.0,5,30,1091.0,302,608,116,276,147,167,26,89,115,134,42,10,88,78,867,533.9796581844498,333.0203418155502
124,752,752,752,Donte DiVincenzo,2022-23,26.0,4,23,472.0,50,129,32,86,16,20,20,75,95,62,27,2,33,46,148,166.43099184247154,-18.430991842471542
125,759,759,759,Dorian Finney-Smith,2022-23,30.0,6,31,981.0,93,232,58,168,16,25,44,81,125,36,30,17,29,58,260,390.57145715002616,-130.57145715002616
126,768,768,768,Doug McDermott,2022-23,31.0,8,28,580.0,109,234,58,139,17,24,10,51,61,41,2,5,28,44,293,232.61243125697058,60.38756874302942
127,779,779,779,Draymond Green,2022-23,33.0,10,29,886.0,97,181,15,48,28,40,21,154,175,191,21,20,72,85,237,414.0899347260899,-177.0899347260899
128,784,784,784,Drew Eubanks,2022-23,26.0,4,31,560.0,76,102,1,2,25,37,46,84,130,29,14,31,24,60,178,212.66260912237283,-34.66260912237283
129,785,785,785,Dru Smith,2022-23,21.0,0,5,67.0,5,14,1,6,0,0,1,8,9,5,4,3,1,10,11,-55.78215589169429,66.78215589169429
130,787,787,787,Duane Washington Jr.,2022-23,23.0,1,17,166.0,38,100,15,48,2,6,0,14,14,19,1,1,9,7,93,-25.405292408651576,118.40529240865158
131,792,792,792,Duncan Robinson,2022-23,29.0,4,23,425.0,52,146,37,115,18,20,6,41,47,31,6,0,18,48,159,45.761645124155166,113.23835487584483
132,801,801,801,Dwight Powell,2022-23,31.0,8,28,477.0,60,86,0,1,40,59,52,48,100,14,16,10,21,71,160,178.50042466799516,-18.500424667995162
133,804,804,804,Dyson Daniels,2022-23,21.0,0,24,475.0,47,99,15,38,15,22,15,69,84,53,18,5,21,50,124,158.5644333151207,-34.56443331512071
134,809,809,809,Edmond Sumner,2022-23,26.0,4,28,431.0,70,155,16,55,52,56,10,32,42,42,25,6,29,45,208,144.8912610643357,63.10873893566429
135,824,824,824,Eric Gordon,2022-23,34.0,14,27,799.0,106,254,51,144,46,54,8,46,54,65,18,10,48,21,309,505.796260078027,-196.796260078027
136,829,829,829,Eugene Omoruyi,2022-23,26.0,1,15,192.0,34,72,8,28,13,19,15,25,40,9,12,0,10,35,89,-107.72341115614086,196.72341115614086
137,840,840,840,Evan Fournier,2022-23,30.0,10,13,260.0,31,90,19,57,9,11,2,25,27,22,9,3,14,28,90,181.19248111061586,-91.19248111061586
138,842,842,842,Evan Mobley,2022-23,22.0,1,34,1154.0,201,358,9,37,87,125,86,222,308,90,24,43,67,96,498,525.6421701545449,-27.642170154544942
139,843,843,843,Facundo Campazzo,2022-23,21.0,0,8,52.0,3,13,3,11,1,2,0,2,2,9,6,0,3,3,10,-63.66254520076836,73.66254520076836
140,852,852,852,Frank Kaminsky,2022-23,30.0,7,15,117.0,15,27,8,17,8,8,1,23,24,15,2,0,6,15,46,-20.98769953178669,66.98769953178669
141,858,858,858,Frank Ntilikina,2022-23,24.0,5,15,193.0,14,44,6,24,8,11,2,21,23,21,4,2,12,21,42,126.19199169224862,-84.19199169224862
142,860,860,860,Franz Wagner,2022-23,21.0,1,34,1135.0,243,508,52,151,136,156,32,105,137,116,26,9,78,80,674,547.6528304352347,126.3471695647653
143,867,867,867,Fred VanVleet,2022-23,29.0,6,27,1004.0,164,429,78,233,107,122,13,93,106,163,45,15,51,74,513,434.6472074961233,78.35279250387669
144,873,873,873,Furkan Korkmaz,2022-23,25.0,5,18,204.0,24,62,10,30,18,25,4,19,23,17,4,2,12,9,76,99.97845711338584,-23.978457113385844
145,877,877,877,Gabe Vincent,2022-23,27.0,3,19,472.0,60,154,27,91,21,25,5,34,39,56,16,2,26,49,168,92.08723758276693,75.91276241723307
146,890,890,890,Garrett Temple,2022-23,37.0,12,11,78.0,10,24,6,14,3,4,2,6,8,4,6,1,3,6,29,-53.667781303060224,82.66778130306022
147,894,894,894,Garrison Mathews,2022-23,26.0,3,25,333.0,33,87,30,82,29,31,5,25,30,12,14,3,7,32,125,51.054783390864145,73.94521660913585
148,903,903,903,Gary Harris,2022-23,28.0,8,7,175.0,27,53,11,25,6,6,5,13,18,14,4,2,10,15,71,115.81938012852129,-44.81938012852129
149,914,914,914,Gary Trent Jr.,2022-23,24.0,4,26,802.0,151,350,59,174,70,90,13,40,53,37,41,3,30,40,431,403.78453011980196,27.215469880198043
150,929,929,929,George Hill,2022-23,37.0,14,29,572.0,47,110,19,60,30,42,12,51,63,76,12,3,26,34,143,290.56224165082153,-147.56224165082153
151,936,936,936,Georges Niang,2022-23,30.0,6,29,578.0,94,212,67,159,20,22,6,60,66,31,15,7,24,61,275,178.85166437956912,96.14833562043088
152,946,946,946,Giannis Antetokounmpo,2022-23,28.0,9,27,895.0,304,562,21,82,218,339,57,247,304,140,24,26,102,97,847,536.4293344849316,310.5706655150684
153,950,950,950,Goga Bitadze,2022-23,23.0,3,16,158.0,23,42,3,12,9,18,16,21,37,16,6,9,10,28,58,55.094368334884166,2.905631665115834
154,965,965,965,Goran Dragic,2022-23,37.0,14,30,511.0,89,202,34,84,23,36,11,34,45,92,7,4,35,42,235,258.5153251272536,-23.515325127253618
155,978,978,978,Gordon Hayward,2022-23,33.0,12,16,522.0,90,199,21,60,42,55,15,65,80,65,11,4,38,19,243,307.56168920093404,-64.56168920093404
156,988,988,988,Gorgui Dieng,2022-23,33.0,9,12,141.0,18,44,9,31,3,4,12,27,39,22,1,5,12,22,48,-19.65400181211055,67.65400181211055
157,992,992,992,Grant Williams,2022-23,24.0,3,32,898.0,103,199,52,121,36,44,33,115,148,51,25,10,30,81,294,411.8677541770219,-117.86775417702188
158,997,997,997,Grayson Allen,2022-23,27.0,4,29,792.0,97,212,51,124,53,57,27,79,106,74,21,6,31,39,298,302.5534770305349,-4.553477030534907
159,999,999,999,Greg Brown III,2022-23,21.0,1,9,66.0,8,19,1,5,2,8,2,9,11,0,4,5,5,8,19,-13.956247658111579,32.95624765811158
160,1004,1004,1004,Hamidou Diallo,2022-23,24.0,4,28,403.0,66,135,2,13,40,65,24,54,78,24,17,5,23,54,174,194.16617449843136,-20.16617449843136
161,1015,1015,1015,Harrison Barnes,2022-23,31.0,10,31,983.0,133,278,37,120,127,157,28,139,167,57,25,4,41,43,430,529.0347590691363,-99.03475906913627
162,1018,1018,1018,Haywood Highsmith,2022-23,26.0,2,22,443.0,39,100,17,47,5,14,23,65,88,20,22,8,15,29,100,66.49303746988642,33.50696253011358
163,1020,1020,1020,Herbert Jones,2022-23,24.0,1,23,653.0,82,188,21,70,57,74,27,54,81,51,31,16,28,78,242,198.45219375376985,43.54780624623015
164,1023,1023,1023,Immanuel Quickley,2022-23,24.0,2,33,788.0,119,290,47,138,61,71,18,112,130,95,33,4,44,62,346,311.72696505629096,34.273034943709035
165,1026,1026,1026,Isaac Okoro,2022-23,22.0,2,34,644.0,58,136,17,66,31,38,17,56,73,27,22,14,21,64,164,300.06020116688046,-136.06020116688046
166,1031,1031,1031,Isaiah Hartenstein,2022-23,25.0,4,33,671.0,81,158,7,28,23,29,98,132,230,28,22,28,28,83,192,302.96997674837144,-110.96997674837144
167,1033,1033,1033,Isaiah Jackson,2022-23,21.0,1,27,436.0,71,129,1,6,47,68,41,76,117,28,14,32,26,64,190,180.42668863238248,9.57331136761752
168,1036,1036,1036,Isaiah Joe,2022-23,23.0,2,26,309.0,54,117,43,96,18,21,3,44,47,26,14,2,13,31,169,92.07235319204233,76.92764680795767
169,1038,1038,1038,Isaiah Livers,2022-23,24.0,1,22,430.0,42,104,29,81,15,20,11,39,50,13,9,12,13,42,128,81.29707269220182,46.70292730779818
170,1039,1039,1039,Isaiah Mobley,2022-23,21.0,0,8,26.0,4,8,1,2,0,0,1,10,11,0,1,0,0,2,9,-77.32188666983018,86.32188666983018
171,1043,1043,1043,Isaiah Roby,2022-23,25.0,3,27,307.0,43,97,14,42,10,23,11,56,67,31,12,6,17,33,110,69.38792866065273,40.61207133934727
172,1046,1046,1046,Isaiah Stewart,2022-23,22.0,2,28,779.0,107,233,42,114,63,84,60,165,225,34,9,20,38,76,319,370.9837049485472,-51.9837049485472
173,1048,1048,1048,Isaiah Todd,2022-23,21.0,1,4,13.0,1,4,0,3,0,0,0,0,0,0,0,0,0,0,2,-41.80028988350671,43.80028988350671
174,1061,1061,1061,Ish Smith,2022-23,34.0,12,13,126.0,18,45,2,6,1,2,1,13,14,25,3,6,13,9,39,67.52692470252782,-28.526924702527822
175,1063,1063,1063,Ish Wainright,2022-23,28.0,1,16,210.0,19,47,14,37,3,5,17,18,35,14,8,4,4,25,55,-162.25191746295263,217.25191746295263
176,1064,1064,1064,Ivica Zubac,2022-23,21.0,0,32,942.0,124,199,0,1,65,97,103,241,344,36,12,50,66,99,313,403.9072204709605,-90.90722047096051
177,1065,1065,1065,JD Davison,2022-23,21.0,0,3,8.0,1,4,0,2,0,0,0,1,1,1,1,0,1,0,2,-86.77835384071909,88.77835384071909
178,1067,1067,1067,JT Thor,2022-23,20.0,1,21,211.0,16,50,5,27,10,13,10,26,36,11,6,5,12,14,47,94.21333573512152,-47.21333573512152
179,1071,1071,1071,Ja Morant,2022-23,23.0,3,26,835.0,240,534,44,129,164,223,34,132,166,205,27,6,96,48,688,410.76260581776114,277.23739418223886
180,1080,1080,1080,JaMychal Green,2022-23,33.0,8,28,418.0,64,125,13,49,22,30,40,72,112,21,13,10,32,57,163,83.5192532412699,79.4807467587301
181,1095,1095,1095,JaVale McGee,2022-23,35.0,14,21,182.0,40,64,1,4,13,24,15,36,51,4,3,11,20,25,94,149.6570930925962,-55.6570930925962
182,1096,1096,1096,Jabari Smith Jr.,2022-23,21.0,0,31,941.0,131,339,62,180,55,66,38,184,222,24,14,31,40,99,379,403.3818611836889,-24.381861183688898
183,1097,1097,1097,Jabari Walker,2022-23,21.0,0,17,131.0,12,32,3,11,4,6,9,23,32,10,1,3,5,15,31,-22.159161506311534,53.159161506311534
184,1098,1098,1098,Jack White,2022-23,21.0,0,8,26.0,1,6,0,2,0,0,2,3,5,0,1,2,0,4,2,-77.32188666983018,79.32188666983018
185,1099,1099,1099,Jaden Hardy,2022-23,21.0,0,9,64.0,14,40,1,12,9,9,0,8,8,3,1,2,3,9,38,-57.358233753509126,95.35823375350913
186,1100,1100,1100,Jaden Ivey,2022-23,21.0,0,31,939.0,170,407,42,136,100,140,33,97,130,120,33,8,81,89,482,402.33114260914573,79.66885739085427
187,1103,1103,1103,Jaden McDaniels,2022-23,22.0,2,30,920.0,132,254,35,95,34,45,36,70,106,48,33,36,46,105,333,445.05936445384356,-112.05936445384356
188,1105,1105,1105,Jaden Springer,2022-23,20.0,1,4,11.0,2,5,0,0,1,2,1,2,3,0,0,2,1,2,5,-10.858521719199643,15.858521719199643
189,1118,1118,1118,Jae'Sean Tate,2022-23,27.0,2,3,68.0,10,20,2,5,3,4,8,5,13,10,3,0,5,15,25,-162.509181995816,187.509181995816
190,1119,1119,1119,Jake LaRavia,2022-23,21.0,0,20,318.0,30,72,19,50,5,5,16,38,54,18,10,3,15,37,84,76.08302521347866,7.916974786521337
191,1132,1132,1132,Jakob Poeltl,2022-23,27.0,6,24,631.0,130,203,0,0,31,61,82,135,217,71,21,23,53,60,291,302.67316682151505,-11.673166821515053
192,1137,1137,1137,Jalen Brunson,2022-23,26.0,4,33,1069.0,237,518,50,137,140,160,14,92,106,212,36,5,68,78,664,480.07048634362,183.92951365637998
193,1138,1138,1138,Jalen Duren,2022-23,21.0,0,32,754.0,100,159,0,1,36,64,102,161,263,25,18,25,37,80,236,305.1396744638987,-69.1396744638987
194,1140,1140,1140,Jalen Green,2022-23,21.0,1,32,1105.0,230,562,69,225,153,191,20,119,139,116,27,8,96,52,682,531.8920518170866,150.10794818291345
195,1143,1143,1143,Jalen Johnson,2022-23,21.0,1,31,478.0,58,133,10,48,16,23,19,90,109,31,15,15,17,53,142,202.49177869778987,-60.49177869778987
196,1147,1147,1147,Jalen McDaniels,2022-23,25.0,3,33,868.0,128,285,40,113,56,62,29,123,152,74,35,18,44,100,352,364.11448882002344,-12.114488820023439
197,1150,1150,1150,Jalen Smith,2022-23,23.0,2,32,687.0,124,278,35,124,53,69,56,153,209,35,11,34,41,70,336,290.6581637807092,45.341836219290826
198,1152,1152,1152,Jalen Suggs,2022-23,22.0,1,14,404.0,65,155,20,68,23,35,15,31,46,76,22,9,47,44,173,131.6227047008408,41.37729529915919
199,1153,1153,1153,Jalen Williams,2022-23,21.0,0,29,791.0,127,251,20,73,44,59,19,81,100,79,17,11,49,75,318,324.5779680929481,-6.577968092948083
200,1154,1154,1154,Jamal Cain,2022-23,21.0,0,9,101.0,16,30,1,6,5,8,7,14,21,5,5,0,2,10,38,-37.919940124459686,75.91994012445969
201,1160,1160,1160,Jamal Murray,2022-23,25.0,5,26,809.0,174,395,48,138,66,87,14,86,100,147,23,5,54,35,462,417.8208259127072,44.17917408729278
202,1162,1162,1162,James Bouknight,2022-23,22.0,1,23,340.0,40,119,16,62,15,22,5,43,48,27,12,4,18,29,111,97.99971031545806,13.00028968454194
203,1176,1176,1176,James Harden,2022-23,33.0,13,17,643.0,114,266,44,121,91,105,9,103,112,186,22,9,64,37,363,413.48143048165264,-50.48143048165264
204,1190,1190,1190,James Johnson,2022-23,36.0,13,7,62.0,6,16,1,7,0,0,0,8,8,5,1,2,2,16,13,12.270224360298812,0.7297756397011881
205,1191,1191,1191,James Wiseman,2022-23,21.0,0,16,216.0,47,76,1,2,23,35,15,43,58,13,2,7,13,35,118,22.49637791177497,95.50362208822503
206,1198,1198,1198,Jaren Jackson Jr.,2022-23,23.0,4,15,380.0,86,170,25,69,57,75,27,67,94,9,15,47,21,43,254,214.0753976300348,39.924602369965214
207,1203,1203,1203,Jarred Vanderbilt,2022-23,24.0,4,33,823.0,114,199,15,37,34,50,81,186,267,92,39,8,49,90,277,414.81707515250565,-137.81707515250565
208,1209,1209,1209,Jarrett Allen,2022-23,25.0,5,27,899.0,152,243,0,3,74,101,79,193,272,40,20,33,41,63,378,465.10316176715173,-87.10316176715173
209,1213,1213,1213,Jarrett Culver,2022-23,24.0,3,10,137.0,17,43,1,12,9,13,10,28,38,6,6,2,7,14,44,12.069336563330126,31.930663436669874
210,1214,1214,1214,Jason Preston,2022-23,21.0,0,5,44.0,6,16,2,8,0,2,1,4,5,8,0,0,4,4,14,-67.86541949894126,81.86541949894126
211,1218,1218,1218,Javonte Green,2022-23,29.0,3,25,404.0,56,96,12,31,23,35,24,53,77,19,21,17,18,41,147,-7.6221674294027935,154.6221674294028
212,1223,1223,1223,Jaxson Hayes,2022-23,23.0,3,12,113.0,14,30,0,10,9,15,6,20,26,9,3,2,7,10,37,31.45320040766194,5.546799592338061
213,1233,1233,1233,Jaylen Brown,2022-23,26.0,6,31,1112.0,307,629,74,225,134,166,38,195,233,107,36,15,98,84,822,587.3634707380077,234.63652926199234
214,1237,1237,1237,Jaylen Nowell,2022-23,23.0,3,33,657.0,150,350,39,133,41,52,24,72,96,68,21,3,32,50,380,317.24865268341534,62.751347316584656
215,1238,1238,1238,Jaylin Williams,2022-23,21.0,0,7,61.0,8,18,1,5,4,6,6,10,16,7,3,0,2,10,21,-58.93431161532396,79.93431161532396
216,1244,1244,1244,Jayson Tatum,2022-23,25.0,5,31,1150.0,311,660,101,285,224,261,37,214,251,127,35,28,85,66,947,596.9683428723247,350.0316571276753
217,1246,1246,1246,Jeff Dowtin Jr.,2022-23,21.0,0,9,67.0,9,18,1,4,1,1,4,6,10,8,0,1,1,4,20,-55.78215589169429,75.78215589169429
218,1261,1261,1261,Jeff Green,2022-23,36.0,14,24,464.0,68,129,8,30,35,51,21,46,67,27,9,7,23,42,179,265.81592536433857,-86.81592536433857
219,1270,1270,1270,Jerami Grant,2022-23,29.0,8,31,1115.0,224,469,81,183,146,187,29,103,132,83,24,24,60,71,675,577.6646234249802,97.33537657501984
220,1272,1272,1272,Jeremiah Robinson-Earl,2022-23,22.0,1,26,548.0,85,174,29,76,22,28,51,78,129,25,19,11,16,49,221,207.274442067952,13.725557932047991
221,1273,1273,1273,Jeremy Sochan,2022-23,21.0,0,26,633.0,93,201,11,56,20,39,38,80,118,62,20,13,38,68,217,241.57120070403442,-24.571200704034425
222,1275,1275,1275,Jericho Sims,2022-23,24.0,1,25,313.0,44,56,0,0,8,10,46,59,105,8,6,16,10,41,96,19.83003608142394,76.16996391857606
223,1283,1283,1283,Jevon Carter,2022-23,27.0,4,32,819.0,91,222,44,115,18,21,21,73,94,100,41,17,43,68,244,316.7381777868683,-72.73817778686828
224,1295,1295,1295,Jimmy Butler,2022-23,33.0,11,21,731.0,154,291,16,43,133,162,44,98,142,121,39,8,39,33,457,375.0105127198454,81.9894872801546
225,1297,1297,1297,Jock Landale,2022-23,27.0,1,28,380.0,67,134,6,38,39,50,46,59,105,22,7,19,23,51,179,-40.94835188792945,219.94835188792945
226,1306,1306,1306,Joe Harris,2022-23,31.0,8,29,745.0,90,212,55,144,12,17,12,69,81,49,18,9,17,72,247,319.29671365678547,-72.29671365678547
227,1315,1315,1315,Joe Ingles,2022-23,35.0,8,3,49.0,1,11,1,11,0,0,2,0,2,4,1,0,5,4,3,-174.32329723965313,177.32329723965313
228,1323,1323,1323,Joel Embiid,2022-23,29.0,6,23,825.0,251,475,25,73,233,271,38,187,225,106,27,38,89,74,760,340.60789507450596,419.39210492549404
229,1324,1324,1324,John Butler Jr.,2022-23,21.0,0,4,15.0,1,3,0,2,0,0,1,1,2,1,0,1,0,0,2,-83.1008388298178,85.1008388298178
230,1330,1330,1330,John Collins,2022-23,25.0,5,25,763.0,114,235,16,76,51,60,29,161,190,34,22,34,32,76,295,393.6542986982134,-98.65429869821338
231,1334,1334,1334,John Konchar,2022-23,27.0,3,29,765.0,82,177,40,103,16,19,32,136,168,46,30,7,18,48,220,246.01750875334733,-26.01750875334733
232,1345,1345,1345,John Wall,2022-23,31.0,10,26,583.0,109,269,23,88,68,101,10,59,69,142,22,9,62,40,309,318.891044160494,-9.891044160494005
233,1346,1346,1346,Johnny Davis,2022-23,21.0,0,9,48.0,3,11,0,2,3,3,1,4,5,2,0,1,1,12,9,-65.76398234985481,74.76398234985481
234,1357,1357,1357,Jonas Valanciunas,2022-23,31.0,10,32,766.0,169,321,22,58,78,93,91,206,297,56,11,10,62,91,438,415.0317937311978,22.96820626880219
235,1362,1362,1362,Jonathan Kuminga,2022-23,20.0,1,29,528.0,80,174,16,58,34,49,29,61,90,42,12,13,42,63,210,260.75222980022045,-50.75222980022045
236,1371,1371,1371,Jordan Clarkson,2022-23,31.0,8,34,1099.0,248,570,93,261,96,116,38,92,130,153,16,10,96,64,685,505.2739013509338,179.72609864906622
237,1373,1373,1373,Jordan Goodwin,2022-23,24.0,1,26,560.0,80,167,20,50,24,33,30,78,108,80,31,15,28,49,204,149.59378003751056,54.406219962489445
238,1374,1374,1374,Jordan Hall,2022-23,21.0,0,9,83.0,9,28,3,15,7,9,3,9,12,11,1,0,7,6,28,-47.3764072953486,75.3764072953486
239,1378,1378,1378,Jordan McLaughlin,2022-23,27.0,3,18,287.0,28,66,8,34,9,9,7,23,30,65,15,2,14,7,73,-5.104230562480097,78.1042305624801
240,1381,1381,1381,Jordan Nwora,2022-23,24.0,2,26,431.0,53,144,27,74,28,33,20,61,81,25,8,3,23,22,161,124.17369950032776,36.82630049967224
241,1385,1385,1385,Jordan Poole,2022-23,24.0,3,33,949.0,214,498,81,255,120,138,10,60,70,145,26,9,108,74,629,438.6610778278737,190.33892217212627
242,1387,1387,1387,Jordan Schakel,2022-23,25.0,1,2,6.0,1,2,1,1,0,0,0,0,0,1,1,0,0,1,3,-173.44775184980915,176.44775184980915
243,1389,1389,1389,Jose Alvarado,2022-23,25.0,1,31,642.0,104,240,47,128,32,41,12,57,69,95,39,4,41,68,287,160.68075485493193,126.31924514506807
244,1391,1391,1391,Josh Christopher,2022-23,21.0,1,19,131.0,22,51,3,14,5,6,5,15,20,12,5,1,12,13,52,20.192106014542787,31.807893985457213
245,1393,1393,1393,Josh Giddey,2022-23,20.0,1,28,867.0,179,383,28,85,29,40,49,178,227,154,18,13,92,57,415,438.84902818529474,-23.849028185294742
246,1396,1396,1396,Josh Green,2022-23,22.0,2,25,507.0,60,103,24,54,32,45,22,35,57,29,23,1,18,62,176,228.0859788106705,-52.0859788106705
247,1402,1402,1402,Josh Hart,2022-23,28.0,5,31,1069.0,115,225,22,61,53,70,64,194,258,121,40,3,53,83,305,458.43678038677365,-153.43678038677365
248,1408,1408,1408,Josh Minott,2022-23,21.0,0,6,15.0,3,5,0,1,4,4,2,1,3,2,1,1,0,1,10,-83.1008388298178,93.1008388298178
249,1413,1413,1413,Josh Okogie,2022-23,24.0,4,28,311.0,39,98,11,44,29,39,37,44,81,28,17,11,17,38,118,145.83312006944362,-27.833120069443623
250,1421,1421,1421,Josh Richardson,2022-23,29.0,7,23,528.0,85,210,41,115,34,40,12,42,54,67,18,2,39,39,245,226.92745427569344,18.072545724306565
251,1423,1423,1423,Joshua Primo,2022-23,20.0,1,4,93.0,9,26,3,12,7,9,2,11,13,18,1,2,11,8,28,32.220939837072024,-4.220939837072024
252,1437,1437,1437,Jrue Holiday,2022-23,33.0,13,25,823.0,175,390,55,153,63,71,32,99,131,187,38,12,83,49,468,508.0461021905416,-40.0461021905416
253,1441,1441,1441,Juan Toscano-Anderson,2022-23,30.0,3,14,146.0,12,28,2,11,5,7,1,24,25,8,3,3,9,19,31,-175.15735028432732,206.15735028432732
254,1448,1448,1448,Juancho Hernangomez,2022-23,27.0,6,22,425.0,41,81,14,44,5,11,22,67,89,16,11,4,13,30,101,194.44915364356433,-93.44915364356433
255,1449,1449,1449,Julian Champagnie,2022-23,21.0,0,2,7.0,0,2,0,1,0,0,0,0,0,0,1,0,0,0,0,-87.30371312799059,87.30371312799059
256,1458,1458,1458,Julius Randle,2022-23,28.0,8,33,1122.0,253,543,77,232,167,219,66,245,311,119,23,8,87,102,750,613.3346251747317,136.66537482526826
257,1460,1460,1460,Justin Champagnie,2022-23,22.0,1,3,11.0,3,3,0,0,0,0,1,3,4,1,0,0,0,1,6,-74.84349519690022,80.84349519690022
258,1470,1470,1470,Justin Holiday,2022-23,34.0,9,24,385.0,45,115,28,80,0,0,1,19,20,20,5,9,12,35,118,76.54117754331082,41.45882245668918
259,1476,1476,1476,Justin Jackson,2022-23,28.0,5,13,63.0,2,13,2,11,0,0,0,7,7,4,2,2,2,3,6,-70.0746626084615,76.0746626084615
260,1477,1477,1477,Justise Winslow,2022-23,21.0,0,29,776.0,81,198,14,45,20,28,49,96,145,98,30,11,43,89,196,316.697578783874,-120.69757878387401
261,1486,1486,1486,Jusuf Nurkic,2022-23,28.0,8,29,829.0,157,293,21,49,80,118,73,208,281,83,21,26,69,102,415,459.4043540041513,-44.40435400415129
262,1490,1490,1490,KZ Okpala,2022-23,24.0,3,20,159.0,12,27,4,12,6,6,6,19,25,9,3,4,3,23,34,23.627240883305376,10.372759116694624
263,1492,1492,1492,Kai Jones,2022-23,22.0,1,22,217.0,27,54,3,11,8,11,19,30,49,5,5,10,9,30,65,33.380517981050616,31.619482018949384
264,1500,1500,1500,Karl-Anthony Towns,2022-23,27.0,7,21,709.0,153,303,38,117,92,104,35,137,172,111,16,14,65,82,436,386.0024587495546,49.99754125044541
265,1511,1511,1511,Kawhi Leonard,2022-23,31.0,10,13,356.0,81,175,12,49,38,51,12,65,77,45,11,3,19,17,212,199.6344859498396,12.365514050160414
266,1512,1512,1512,Keegan Murray,2022-23,21.0,0,29,836.0,124,295,67,175,31,39,24,87,111,22,22,18,35,63,346,348.21913602017037,-2.2191360201703674
267,1517,1517,1517,Keita Bates-Diop,2022-23,27.0,4,26,490.0,82,157,13,37,33,40,33,47,80,22,18,4,21,22,210,143.89497227451005,66.10502772548995
268,1524,1524,1524,Keldon Johnson,2022-23,23.0,3,28,912.0,207,505,74,214,98,135,26,118,144,82,22,3,65,52,586,451.21527093767475,134.78472906232525
269,1534,1534,1534,Kelly Olynyk,2022-23,32.0,9,32,915.0,139,264,49,114,87,103,40,119,159,103,37,19,73,128,414,418.96657327496246,-4.966573274962457
270,1542,1542,1542,Kelly Oubre Jr.,2022-23,27.0,7,33,1094.0,256,600,78,249,95,132,49,124,173,41,55,12,41,100,685,588.2657843491228,96.73421565087722
271,1554,1554,1554,Kemba Walker,2022-23,33.0,11,5,119.0,21,50,6,24,16,19,3,13,16,17,0,2,4,10,64,53.49062890962284,10.509371090377158
272,1555,1555,1555,Kendall Brown,2022-23,21.0,0,6,40.0,4,7,0,1,1,2,2,4,6,3,4,0,2,9,9,-69.96685664802771,78.96685664802771
273,1558,1558,1558,Kendrick Nunn,2022-23,26.0,2,26,322.0,53,150,21,73,12,13,1,28,29,25,6,1,27,21,139,2.9245637100221984,136.0754362899778
274,1559,1559,1559,Kennedy Chandler,2022-23,21.0,0,14,147.0,18,48,2,12,3,7,3,20,23,33,8,4,13,7,41,-13.753412909965846,54.753412909965846
275,1560,1560,1560,Kenneth Lofton Jr.,2022-23,21.0,0,5,23.0,7,14,0,1,1,3,1,3,4,4,0,0,1,3,15,-78.8979645316449,93.8979645316449
276,1565,1565,1565,Kenrich Williams,2022-23,28.0,4,25,543.0,75,143,19,51,10,22,43,61,104,40,18,4,11,48,179,139.74652776105495,39.25347223894505
277,1585,1585,1585,Kentavious Caldwell-Pope,2022-23,30.0,9,30,943.0,123,259,63,136,32,41,14,80,94,62,34,11,35,60,341,497.6616067962681,-156.66160679626807
278,1588,1588,1588,Kenyon Martin Jr.,2022-23,22.0,2,32,779.0,135,244,28,85,45,71,49,112,161,47,15,11,34,53,343,370.9837049485472,-27.9837049485472
279,1589,1589,1589,Keon Ellis,2022-23,21.0,0,3,9.0,0,1,0,1,0,0,0,2,2,1,0,0,0,2,0,-86.25299455344748,86.25299455344748
280,1591,1591,1591,Keon Johnson,2022-23,21.0,1,14,189.0,32,83,16,44,5,11,5,22,27,19,7,3,21,16,85,50.662944676295865,34.337055323704135
281,1593,1593,1593,Kessler Edwards,2022-23,22.0,1,13,74.0,6,22,2,11,1,2,6,8,14,2,3,1,4,3,15,-41.74586009878908,56.74586009878908
282,1608,1608,1608,Kevin Durant,2022-23,34.0,14,32,1165.0,344,611,54,150,216,233,10,200,210,169,27,50,112,75,958,698.0777592194346,259.9222407805654
283,1613,1613,1613,Kevin Huerter,2022-23,24.0,4,30,946.0,163,345,86,209,48,70,16,80,96,89,33,9,47,76,460,479.43626748691315,-19.436267486913152
284,1618,1618,1618,Kevin Knox II,2022-23,23.0,4,28,407.0,59,128,30,82,18,23,14,55,69,13,11,9,18,52,166,228.26009838636816,-62.260098386368156
285,1633,1633,1633,Kevin Love,2022-23,34.0,14,26,522.0,73,180,50,129,41,47,19,160,179,57,4,5,32,41,237,360.2717375037923,-123.27173750379228
286,1637,1637,1637,Kevin Porter Jr.,2022-23,23.0,3,31,1058.0,202,478,57,181,119,154,45,123,168,171,46,14,120,91,580,527.9177268793292,52.082273120670834
287,1638,1638,1638,Kevon Harris,2022-23,21.0,0,25,299.0,28,70,11,26,22,26,21,28,49,11,11,3,16,33,89,66.10119875531814,22.898801244681863
288,1646,1646,1646,Kevon Looney,2022-23,27.0,7,33,755.0,91,141,0,0,33,50,83,171,254,95,13,19,12,91,215,410.1689859640485,-195.1689859640485
289,1652,1652,1652,Khem Birch,2022-23,30.0,5,18,148.0,18,31,1,2,4,5,8,15,23,7,5,5,6,21,41,-89.40409666807557,130.40409666807557
290,1663,1663,1663,Khris Middleton,2022-23,31.0,10,7,171.0,25,77,11,41,17,19,1,17,18,31,4,1,11,18,78,102.4430178045925,-24.4430178045925
291,1666,1666,1666,Killian Hayes,2022-23,21.0,2,35,889.0,127,331,35,113,25,31,16,85,101,183,38,14,59,108,314,460.7657132872741,-146.76571328727408
292,1671,1671,1671,Kira Lewis Jr.,2022-23,22.0,2,1,6.0,1,4,0,1,2,2,0,1,1,0,0,0,0,1,4,-35.11902411240385,39.11902411240385
293,1681,1681,1681,Klay Thompson,2022-23,33.0,9,26,802.0,170,426,95,251,35,40,13,80,93,62,19,12,46,50,470,327.60848707442074,142.39151292557926
294,1691,1691,1691,Kristaps Porzingis,2022-23,27.0,6,30,985.0,220,470,53,163,163,205,61,209,270,78,30,45,63,91,656,488.65035451566337,167.34964548433663
295,1700,1700,1700,Kyle Anderson,2022-23,29.0,8,25,608.0,66,138,10,29,40,50,13,93,106,85,28,20,36,47,182,311.3074647782762,-129.3074647782762
296,1706,1706,1706,Kyle Kuzma,2022-23,27.0,5,33,1167.0,277,590,85,248,82,119,33,218,251,117,19,14,88,83,721,541.9144772782414,179.0855227217586
297,1723,1723,1723,Kyle Lowry,2022-23,37.0,16,29,1044.0,127,313,71,198,89,104,23,115,138,171,32,15,69,81,414,623.234360284728,-209.23436028472804
298,1735,1735,1735,Kyrie Irving,2022-23,31.0,11,23,841.0,219,453,64,188,91,99,19,95,114,105,18,22,54,62,593,496.78500779742257,96.21499220257743
299,1738,1738,1738,LaMelo Ball,2022-23,21.0,2,9,303.0,78,177,39,102,15,19,5,38,43,72,10,2,29,29,210,152.90517094611323,57.09482905388677
300,1741,1741,1741,Lamar Stevens,2022-23,25.0,2,18,419.0,48,108,11,35,17,24,12,62,74,10,8,7,10,27,124,85.87690131421823,38.12309868578177
301,1746,1746,1746,Landry Shamet,2022-23,26.0,4,24,450.0,66,169,45,117,27,30,8,23,31,44,16,4,20,31,204,154.87308752249623,49.126912477503765
302,1762,1762,1762,Larry Nance Jr.,2022-23,30.0,7,27,627.0,105,162,10,25,24,33,48,109,157,50,26,24,26,62,244,246.94553697673211,-2.9455369767321145
303,1768,1768,1768,Lauri Markkanen,2022-23,26.0,5,32,1080.0,257,482,95,217,120,144,61,197,258,67,19,19,64,72,729,528.2007060244621,200.79929397553792
304,1788,1788,1788,LeBron James,2022-23,38.0,19,24,866.0,260,527,53,169,85,119,31,165,196,161,28,15,73,44,658,624.781722974095,33.21827702590497
305,1790,1790,1790,Leandro Bolmaro,2022-23,22.0,1,10,58.0,3,16,0,3,0,0,3,1,4,6,3,1,7,7,6,-50.15160869513477,56.15160869513477
306,1793,1793,1793,Lindy Waters III,2022-23,25.0,1,10,125.0,12,33,11,31,1,1,3,12,15,7,4,0,3,10,36,-110.92999666448816,146.92999666448816
307,1798,1798,1798,Lonnie Walker IV,2022-23,24.0,4,29,879.0,164,353,61,155,61,70,11,61,72,42,23,11,29,51,450,444.23719523971556,5.762804760284439
308,1807,1807,1807,Luguentz Dort,2022-23,24.0,3,32,988.0,151,377,53,168,86,114,48,90,138,77,32,11,51,103,441,459.15009003146633,-18.150090031466334
309,1812,1812,1812,Luka Doncic,2022-23,24.0,4,30,1097.0,335,674,88,250,226,305,24,224,248,261,50,17,113,84,984,558.7655198649255,425.2344801350745
310,1814,1814,1814,Luka Garza,2022-23,24.0,1,7,26.0,6,10,0,3,3,4,3,5,8,3,0,0,1,5,15,-130.94807936552684,145.94807936552684
311,1820,1820,1820,Luke Kennard,2022-23,27.0,5,22,490.0,73,142,45,92,11,12,4,54,58,26,12,3,22,31,202,186.2462397953645,15.753760204635512
312,1826,1826,1826,Luke Kornet,2022-23,27.0,5,28,367.0,49,74,2,6,15,18,42,58,100,21,6,24,11,41,115,121.62704746095699,-6.627047460956987
313,1829,1829,1829,Malachi Flynn,2022-23,25.0,2,21,308.0,51,123,30,65,11,13,8,22,30,29,9,2,11,31,143,27.562020427070024,115.43797957292998
314,1830,1830,1830,Malaki Branham,2022-23,21.0,0,18,315.0,43,102,17,56,9,11,4,23,27,29,6,3,17,23,112,74.50694735166383,37.493052648336175
315,1837,1837,1837,Malcolm Brogdon,2022-23,30.0,6,28,667.0,133,276,51,115,67,78,22,92,114,105,16,8,51,42,384,225.608640946742,158.391359053258
316,1839,1839,1839,Malcolm Hill,2022-23,27.0,1,3,1.0,0,0,0,0,0,0,0,1,1,0,0,0,0,0,0,-240.0595217638679,240.0595217638679
317,1846,1846,1846,Malik Beasley,2022-23,26.0,6,35,952.0,183,435,116,299,24,29,18,110,128,52,33,5,34,45,506,503.30598477455084,2.6940152254491636
318,1854,1854,1854,Malik Monk,2022-23,25.0,5,31,715.0,154,342,59,175,75,82,12,60,72,123,20,4,62,50,442,368.4370529091763,73.56294709082368
319,1857,1857,1857,Mamadi Diakite,2022-23,26.0,2,11,83.0,10,21,4,12,0,0,3,8,11,2,2,5,5,11,24,-122.63630594789151,146.63630594789151
320,1858,1858,1858,MarJon Beauchamp,2022-23,21.0,0,21,330.0,48,117,25,69,14,19,19,38,57,11,11,2,23,37,135,82.38733666073796,52.61266333926204
321,1871,1871,1871,Marcus Morris Sr.,2022-23,33.0,11,31,931.0,156,351,64,168,40,50,16,141,157,53,22,13,31,71,416,480.0823701741665,-64.0823701741665
322,1880,1880,1880,Marcus Smart,2022-23,29.0,8,29,967.0,120,279,54,157,41,53,19,79,98,213,38,11,67,86,335,499.9114489087826,-164.91144890878257
323,1881,1881,1881,Mark Williams,2022-23,21.0,0,3,13.0,4,7,0,0,3,3,4,4,8,0,0,0,2,3,11,-84.15155740436103,95.15155740436103
324,1887,1887,1887,Markelle Fultz,2022-23,25.0,5,13,350.0,61,129,7,16,18,27,15,34,49,67,19,3,32,32,147,176.68091305504026,-29.680913055040264
325,1899,1899,1899,Markieff Morris,2022-23,33.0,11,19,217.0,27,61,19,39,6,6,9,35,44,19,6,4,11,23,79,104.97583906224014,-25.97583906224014
326,1901,1901,1901,Marko Simonovic,2022-23,23.0,1,1,2.0,0,1,0,1,0,0,0,0,0,0,0,0,0,0,0,-111.56421552119491,111.56421552119491
327,1914,1914,1914,Marvin Bagley III,2022-23,24.0,4,22,482.0,96,176,8,28,36,46,47,87,134,13,13,15,21,44,236,235.6695581928882,0.3304418071118107
328,1924,1924,1924,Mason Plumlee,2022-23,33.0,9,33,908.0,128,208,0,0,76,131,108,192,300,127,22,22,59,109,332,383.2965715252109,-51.29657152521088
329,1928,1928,1928,Matisse Thybulle,2022-23,26.0,3,27,319.0,26,64,11,36,3,6,8,23,31,11,22,6,5,33,66,43.69975336906168,22.300246630938318
330,1930,1930,1930,Matt Ryan,2022-23,26.0,1,18,147.0,16,53,14,39,4,5,2,12,14,7,3,0,3,14,50,-131.36457908336308,181.36457908336308
331,1939,1939,1939,Matthew Dellavedova,2022-23,31.0,8,14,100.0,7,23,3,10,1,3,1,4,5,20,6,0,6,12,18,-19.56002663340007,37.56002663340007
332,1940,1940,1940,Max Christie,2022-23,21.0,0,16,229.0,19,52,14,33,3,4,5,37,42,9,3,2,5,10,55,29.32604864630582,25.67395135369418
333,1944,1944,1944,Max Strus,2022-23,27.0,3,31,964.0,143,360,82,250,31,38,17,91,108,59,24,8,29,66,399,350.5640069203969,48.43599307960312
334,1950,1950,1950,Maxi Kleber,2022-23,31.0,5,22,564.0,51,104,24,65,11,14,19,59,78,21,7,22,13,48,137,97.15288009806193,39.84711990193807
335,1951,1951,1951,McKinley Wright IV,2022-23,21.0,0,3,17.0,2,7,0,1,0,0,3,3,6,4,3,1,2,2,4,-82.05012025527458,86.05012025527458
336,1954,1954,1954,Mfiondu Kabengele,2022-23,24.0,2,1,8.0,1,2,0,1,0,0,3,1,4,0,0,0,0,1,2,-98.05327901556143,100.05327901556143
337,1955,1955,1955,Micah Potter,2022-23,21.0,0,3,14.0,2,2,0,0,0,0,1,2,3,2,0,0,0,2,4,-83.62619811708942,87.62619811708942
338,1956,1956,1956,Michael Foster Jr.,2022-23,21.0,0,1,1.0,0,0,0,0,0,0,0,0,0,0,0,0,0,0,0,-90.45586885162027,90.45586885162027
339,1960,1960,1960,Michael Porter Jr.,2022-23,25.0,3,17,492.0,103,219,49,116,26,33,20,81,101,22,11,6,19,44,281,166.5793968058997,114.4206031941003
340,1965,1965,1965,Mikal Bridges,2022-23,26.0,4,33,1196.0,196,421,60,153,69,79,36,120,156,99,38,26,40,74,521,546.7911158271139,-25.791115827113913
341,1981,1981,1981,Mike Conley,2022-23,35.0,15,24,690.0,78,203,39,114,33,46,9,41,50,178,25,5,36,50,228,458.89087854742615,-230.89087854742615
342,1991,1991,1991,Mike Muscala,2022-23,31.0,9,23,296.0,43,96,24,65,14,18,9,61,70,21,3,12,7,36,124,125.7616611926889,-1.761661192688905
343,1993,1993,1993,Miles McBride,2022-23,22.0,1,21,238.0,27,68,11,43,5,9,5,12,17,30,14,0,8,16,70,44.413063013754254,25.586936986245746
344,1998,1998,1998,Mitchell Robinson,2022-23,25.0,4,25,628.0,80,111,0,0,24,45,103,103,206,21,17,46,15,71,184,280.37952739569243,-96.37952739569243
345,2003,2003,2003,Mo Bamba,2022-23,25.0,4,28,532.0,84,167,32,82,30,44,37,114,151,29,8,28,19,67,230,229.9450358176183,0.05496418238169554
346,2009,2009,2009,Monte Morris,2022-23,28.0,5,29,830.0,110,242,39,100,26,35,10,84,94,147,25,6,25,43,285,332.87591072885994,-47.875910728859935
347,2017,2017,2017,Montrezl Harrell,2022-23,29.0,7,27,305.0,46,84,0,0,37,52,25,45,70,17,7,12,16,30,129,109.77233321412541,19.22766678587459
348,2022,2022,2022,Moritz Wagner,2022-23,26.0,4,16,424.0,69,141,15,55,52,56,31,80,111,34,14,5,27,50,205,141.21374605343448,63.78625394656552
349,2026,2026,2026,Moses Brown,2022-23,23.0,3,25,165.0,34,55,0,0,22,46,31,41,72,3,1,10,7,23,90,58.771883345785454,31.228116654214546
350,2028,2028,2028,Moses Moody,2022-23,21.0,1,28,445.0,52,114,29,72,19,23,10,39,49,24,11,5,23,27,152,185.15492221782688,-33.15492221782688
351,2029,2029,2029,Moussa Diabate,2022-23,21.0,0,8,90.0,13,24,0,0,7,9,20,12,32,2,3,1,5,10,33,-43.698892284447425,76.69889228444742
352,2040,2040,2040,Myles Turner,2022-23,27.0,7,27,793.0,154,285,43,104,87,113,38,175,213,40,17,56,47,96,438,430.1326388803695,7.867361119630516
353,2043,2043,2043,Naji Marshall,2022-23,25.0,2,30,671.0,86,197,28,85,48,59,24,72,96,67,22,7,29,41,248,218.2674417066628,29.732558293337206
354,2047,2047,2047,Nassir Little,2022-23,23.0,3,21,321.0,43,91,16,43,14,21,7,43,50,18,8,3,14,17,116,140.7279321601559,-24.727932160155888
355,2053,2053,2053,Nathan Knight,2022-23,25.0,2,15,75.0,15,21,1,4,10,13,5,11,16,3,4,1,9,9,41,-94.84669350721413,135.84669350721413
356,2057,2057,2057,Naz Reid,2022-23,23.0,3,27,453.0,108,193,26,67,30,48,24,93,117,26,13,24,31,63,272,210.07535808000785,61.924641919992155
357,2059,2059,2059,Neemias Queta,2022-23,23.0,1,4,25.0,6,8,0,0,0,2,4,5,9,1,0,1,1,7,12,-99.48095191394805,111.48095191394805
358,2068,2068,2068,Nerlens Noel,2022-23,29.0,8,6,62.0,4,13,0,0,3,4,3,16,19,3,5,2,3,9,11,24.46129392797957,-13.461293927979568
359,2072,2072,2072,Nic Claxton,2022-23,24.0,3,30,834.0,158,212,0,1,39,85,77,180,257,44,24,68,36,86,355,378.2447597916391,-23.244759791639126
360,2075,2075,2075,Nick Richards,2022-23,25.0,2,33,623.0,112,182,0,0,72,98,96,114,210,21,6,27,28,77,296,193.05019591762573,102.94980408237427
361,2079,2079,2079,Nickeil Alexander-Walker,2022-23,24.0,3,24,377.0,60,124,28,65,16,22,7,31,38,56,13,10,32,40,164,138.1555655085154,25.844434491484606
362,2094,2094,2094,Nicolas Batum,2022-23,34.0,14,34,716.0,74,160,54,125,15,24,31,115,146,46,20,26,25,70,217,462.1914392344837,-245.1914392344837
363,2102,2102,2102,Nikola Jokic,2022-23,28.0,7,28,928.0,262,426,22,67,151,191,62,243,305,259,43,18,101,78,697,469.06365592318593,227.93634407681407
364,2103,2103,2103,Nikola Jovic,2022-23,21.0,0,13,185.0,24,61,7,31,18,19,8,20,28,10,7,1,10,15,73,6.210240006355207,66.7897599936448
365,2115,2115,2115,Nikola Vucevic,2022-23,32.0,11,32,1047.0,216,420,55,147,55,64,66,268,334,93,21,24,59,63,542,573.016534236523,-31.016534236522944
366,2123,2123,2123,Noah Vonleh,2022-23,26.0,7,20,161.0,11,24,1,4,2,2,17,29,46,6,2,8,11,34,25,130.0980560635652,-105.0980560635652
367,2131,2131,2131,Norman Powell,2022-23,30.0,7,24,598.0,125,267,38,102,73,96,9,61,70,39,18,9,45,43,361,231.71011764585552,129.28988235414448
368,2137,2137,2137,O.G. Anunoby,2022-23,25.0,5,29,1068.0,205,428,50,143,87,106,40,131,171,61,66,24,71,84,547,553.888881316053,-6.888881316053016
369,2140,2140,2140,Obi Toppin,2022-23,25.0,2,25,428.0,72,171,34,97,14,17,14,80,94,26,10,5,19,28,192,90.60513489966263,101.39486510033737
370,2141,2141,2141,Ochai Agbaji,2022-23,21.0,0,16,127.0,17,42,5,21,4,9,6,11,17,3,1,0,0,13,43,-24.260598655397985,67.26059865539798
371,2145,2145,2145,Onyeka Okongwu,2022-23,22.0,2,32,699.0,111,177,0,3,54,72,79,138,217,29,17,30,29,98,276,328.95496196681876,-52.95496196681876
372,2146,2146,2146,Orlando Robinson,2022-23,21.0,0,6,92.0,11,24,0,5,5,7,5,15,20,6,5,3,4,11,27,-42.6481737099042,69.6481737099042
373,2150,2150,2150,Oshae Brissett,2022-23,25.0,3,28,450.0,50,118,25,69,43,62,22,65,87,13,19,5,16,37,168,144.51430674049232,23.485693259507684
374,2160,2160,2160,Otto Porter Jr.,2022-23,30.0,9,8,146.0,15,30,6,17,8,8,6,13,19,8,11,0,4,7,44,78.9502548407985,-34.95025484079849
375,2161,2161,2161,Ousmane Dieng,2022-23,21.0,0,14,220.0,25,59,10,34,1,4,6,34,40,20,5,4,7,12,61,24.597815060861308,36.40218493913869
376,2178,2178,2178,P.J. Tucker,2022-23,38.0,11,31,884.0,39,95,20,54,9,11,42,97,139,28,19,9,28,82,107,295.4280499781495,-188.4280499781495
377,2182,2182,2182,P.J. Washington,2022-23,24.0,3,32,1016.0,173,422,57,176,65,82,36,119,155,75,25,33,49,82,468,473.86015007507126,-5.86015007507126
378,2183,2183,2183,Paolo Banchero,2022-23,21.0,0,27,932.0,194,432,35,109,164,218,31,154,185,107,25,16,81,60,587,398.6536275982445,188.3463724017555
379,2190,2190,2190,Pascal Siakam,2022-23,29.0,6,23,842.0,212,438,34,97,144,184,41,155,196,158,23,10,57,73,602,349.53900295812326,252.46099704187674
380,2198,2198,2198,Pat Connaughton,2022-23,30.0,7,16,313.0,38,112,25,82,10,13,9,44,53,12,8,3,7,21,111,81.98272077344797,29.017279226552034
381,2199,2199,2199,Patrick Baldwin Jr.,2022-23,21.0,0,9,67.0,13,30,10,24,1,2,0,11,11,2,3,0,2,0,37,-55.78215589169429,92.78215589169429
382,2210,2210,2210,Patrick Beverley,2022-23,34.0,10,25,667.0,47,125,23,77,22,28,14,77,91,65,23,12,26,69,139,267.0437640747579,-128.04376407475792
383,2213,2213,2213,Patrick Williams,2022-23,21.0,2,32,889.0,114,250,43,101,32,35,33,95,128,42,19,31,47,64,303,460.7657132872741,-157.76571328727408
384,2227,2227,2227,Patty Mills,2022-23,34.0,13,22,266.0,45,96,27,66,11,12,5,17,22,30,6,1,11,11,128,183.42849244140695,-55.428492441406945
385,2240,2240,2240,Paul George,2022-23,33.0,12,24,818.0,192,430,70,186,106,120,17,132,149,120,34,12,85,63,560,463.0680382333293,96.93196176667072
386,2243,2243,2243,Paul Reed,2022-23,24.0,2,27,277.0,35,63,0,3,8,12,33,57,90,12,22,17,17,60,78,43.26836926050055,34.73163073949945
387,2246,2246,2246,Payton Pritchard,2022-23,25.0,2,20,217.0,32,83,17,50,7,10,11,17,28,24,6,1,14,8,88,-20.245674714646157,108.24567471464616
388,2247,2247,2247,Peyton Watson,2022-23,21.0,0,6,15.0,3,9,0,1,0,0,2,1,3,0,0,0,0,1,6,-83.1008388298178,89.1008388298178
389,2250,2250,2250,Precious Achiuwa,2022-23,23.0,2,12,245.0,36,92,5,28,28,33,24,60,84,16,2,7,15,19,105,58.449358806659575,46.550641193340425
390,2252,2252,2252,Quentin Grimes,2022-23,23.0,1,22,561.0,66,140,34,91,23,30,16,56,72,40,14,11,23,61,189,182.11162606363257,6.8883739363674295
391,2263,2263,2263,R.J. Hampton,2022-23,22.0,2,22,332.0,46,106,17,49,28,33,9,25,34,32,16,4,19,20,137,136.14810353813948,0.8518964618605196
392,2267,2267,2267,RJ Barrett,2022-23,23.0,3,33,1147.0,235,543,60,181,144,189,30,151,181,99,18,6,83,80,674,574.674703446502,99.32529655349799
393,2276,2276,2276,Raul Neto,2022-23,31.0,7,22,197.0,20,44,5,18,10,12,2,15,17,26,9,0,8,18,55,-10.95144328890865,65.95144328890865
394,2286,2286,2286,Reggie Bullock,2022-23,32.0,9,32,897.0,53,157,41,131,15,21,12,95,107,31,23,4,13,69,162,409.51010610407354,-247.51010610407354
395,2298,2298,2298,Reggie Jackson,2022-23,33.0,11,31,896.0,138,336,49,140,48,53,14,66,80,122,22,3,70,61,373,461.6947951196603,-88.69479511966028
396,2306,2306,2306,Richaun Holmes,2022-23,29.0,7,17,147.0,22,32,2,3,4,6,10,20,30,1,2,1,5,23,50,26.765565825211752,23.234434174788248
397,2327,2327,2327,Robert Covington,2022-23,32.0,9,20,312.0,37,97,19,61,14,17,9,62,71,24,10,13,15,40,107,102.1749230501843,4.825076949815696
398,2332,2332,2332,Robert Williams III,2022-23,25.0,4,3,57.0,10,14,0,0,1,2,10,12,22,4,2,4,3,5,21,-19.600625636394398,40.6006256363944
399,2347,2347,2347,Robin Lopez,2022-23,35.0,14,22,194.0,28,44,0,0,9,12,17,15,32,9,1,3,15,26,65,155.9614045398555,-90.9614045398555
400,2354,2354,2354,Rodney McGruder,2022-23,31.0,6,11,92.0,5,24,3,17,4,4,6,12,18,9,2,0,4,3,17,-108.46543597328161,125.46543597328161
401,2358,2358,2358,Romeo Langford,2022-23,23.0,3,18,354.0,45,90,6,25,17,25,27,24,51,16,12,8,15,34,113,158.06478864011888,-45.06478864011888
402,2359,2359,2359,Ron Harper Jr.,2022-23,21.0,0,2,8.0,2,4,2,3,0,0,0,1,1,0,0,0,0,0,6,-86.77835384071909,92.77835384071909
403,2365,2365,2365,Royce O'Neale,2022-23,30.0,5,31,1090.0,102,257,73,172,16,25,25,130,155,133,30,20,56,100,293,405.4843519417768,-112.48435194177682
404,2382,2382,2382,Rudy Gay,2022-23,36.0,16,21,333.0,37,108,13,55,9,13,12,55,67,16,11,10,14,27,96,281.69639377346687,-185.69639377346687
405,2392,2392,2392,Rudy Gobert,2022-23,31.0,9,28,882.0,149,225,0,3,95,138,104,239,343,25,24,34,45,86,393,433.62220353384976,-40.622203533849756
406,2396,2396,2396,Rui Hachimura,2022-23,25.0,3,18,426.0,88,177,15,43,22,30,12,77,89,22,6,8,24,21,213,131.90568384597378,81.09431615402622
407,2411,2411,2411,Russell Westbrook,2022-23,34.0,14,29,812.0,154,382,31,111,83,122,35,143,178,221,31,15,103,69,422,512.6259308125578,-90.62593081255784
408,2417,2417,2417,Ryan Arcidiacono,2022-23,29.0,5,8,22.0,1,5,1,3,0,0,0,4,4,2,2,0,1,2,3,-123.60688012544745,126.60688012544745
409,2418,2418,2418,Ryan Rollins,2022-23,21.0,0,11,60.0,6,19,3,9,6,6,2,8,10,6,1,1,16,10,21,-59.459670902595576,80.45967090259558
410,2419,2419,2419,Saben Lee,2022-23,21.0,0,2,10.0,3,4,0,1,0,0,0,0,0,2,1,0,3,1,6,-85.72763526617587,91.72763526617587
411,2422,2422,2422,Saddiq Bey,2022-23,24.0,2,31,875.0,135,338,48,159,104,124,29,95,124,46,25,5,32,49,422,357.43322304892064,64.56677695107936
412,2424,2424,2424,Sam Hauser,2022-23,25.0,1,33,525.0,73,159,57,137,7,9,15,68,83,23,10,8,10,43,210,99.21371824415405,110.78628175584595
413,2428,2428,2428,Sandro Mamukelashvili,2022-23,24.0,1,13,113.0,12,31,5,16,5,10,9,22,31,9,1,2,4,10,34,-85.2418213728971,119.2418213728971
414,2430,2430,2430,Santi Aldama,2022-23,22.0,1,30,720.0,106,222,39,106,47,63,40,125,165,40,24,27,18,74,298,297.63623947866813,0.3637605213318693
415,2432,2432,2432,Scottie Barnes,2022-23,21.0,1,30,1008.0,175,391,31,101,56,73,57,145,202,137,25,20,69,55,437,480.9322009517408,-43.93220095174081
416,2433,2433,2433,Scotty Pippen Jr.,2022-23,21.0,0,3,23.0,1,7,1,2,4,6,2,2,4,1,1,1,2,3,7,-78.8979645316449,85.8979645316449
417,2448,2448,2448,Serge Ibaka,2022-23,33.0,13,15,170.0,24,47,6,15,8,13,13,29,42,4,0,6,8,20,62,164.98648760218322,-102.98648760218322
418,2457,2457,2457,Seth Curry,2022-23,32.0,8,22,478.0,68,157,35,89,17,18,5,40,45,50,14,4,22,42,188,147.03329721641649,40.966702783583514
419,2458,2458,2458,Shaedon Sharpe,2022-23,21.0,0,32,633.0,104,224,28,83,17,27,26,54,80,15,11,6,20,46,253,241.57120070403442,11.428799295965575
420,2463,2463,2463,Shai Gilgeous-Alexander,2022-23,24.0,4,30,1077.0,316,629,32,91,284,307,24,121,145,172,51,30,101,79,948,548.2583341194935,399.7416658805065
421,2468,2468,2468,Shake Milton,2022-23,26.0,4,27,668.0,118,232,22,61,45,53,16,72,88,92,11,5,43,49,303,269.4014121477062,33.598587852293804
422,2475,2475,2475,Simone Fontecchio,2022-23,21.0,0,20,186.0,27,70,18,50,9,14,10,14,24,8,3,5,10,16,81,6.735599293626706,74.2644007063733
423,2486,2486,2486,Spencer Dinwiddie,2022-23,30.0,8,32,1026.0,183,397,88,210,73,88,13,89,102,164,30,9,52,73,527,498.91516011895703,28.084839881042967
424,2494,2494,2494,Stanley Johnson,2022-23,27.0,7,5,61.0,12,19,4,9,3,4,2,10,12,10,2,3,3,3,31,45.56964059755421,-14.569640597554212
425,2508,2508,2508,Stephen Curry,2022-23,35.0,13,26,894.0,262,524,131,302,124,135,16,155,171,177,27,9,81,54,779,481.361638109125,297.638361890875
426,2518,2518,2518,Steven Adams,2022-23,29.0,9,28,742.0,98,164,0,1,24,76,133,153,286,63,24,33,56,66,220,424.05687679352565,-204.05687679352565
427,2523,2523,2523,Svi Mykhailiuk,2022-23,26.0,4,11,38.0,6,12,6,10,3,5,0,7,7,1,1,0,2,1,21,-61.57493883340521,82.57493883340521
428,2531,2531,2531,T.J. McConnell,2022-23,31.0,7,30,521.0,69,159,4,17,16,18,18,50,68,128,33,5,47,38,158,159.2649657870915,-1.264965787091512
429,2539,2539,2539,T.J. Warren,2022-23,28.0,7,9,155.0,35,65,5,14,5,6,9,17,26,16,6,1,4,15,80,62.96092686223483,17.039073137765172
430,2553,2553,2553,Taj Gibson,2022-23,38.0,13,21,182.0,25,49,3,12,13,18,9,22,31,9,9,4,9,37,66,11.328365355190954,54.671634644809046
431,2557,2557,2557,Talen Horton-Tucker,2022-23,22.0,3,32,498.0,81,212,20,86,32,43,16,63,79,72,24,11,38,43,214,265.70901274608036,-51.70901274608036
432,2558,2558,2558,Tari Eason,2022-23,21.0,0,32,607.0,103,237,25,64,43,52,65,100,165,25,38,15,32,71,274,227.91185923497267,46.08814076502733
433,2565,2565,2565,Taurean Prince,2022-23,29.0,6,18,352.0,51,103,21,54,19,22,6,39,45,21,6,4,21,43,142,92.11295219503654,49.88704780496346
434,2569,2569,2569,Terance Mann,2022-23,26.0,3,33,718.0,109,209,26,72,36,49,38,92,130,64,19,11,37,61,280,253.31810899043228,26.68189100956772
435,2573,2573,2573,Terence Davis,2022-23,26.0,3,27,363.0,68,156,38,105,14,17,12,57,69,35,20,8,24,54,188,66.8155620090123,121.1844379909877
436,2584,2584,2584,Terrence Ross,2022-23,32.0,10,31,715.0,94,230,45,127,11,15,8,55,63,40,20,6,34,43,244,356.2459833414957,-112.24598334149567
437,2592,2592,2592,Terry Rozier,2022-23,29.0,7,23,830.0,184,457,60,183,54,65,25,78,103,127,17,5,58,48,482,385.5859590317183,96.41404096828171
438,2594,2594,2594,Terry Taylor,2022-23,23.0,1,16,128.0,11,31,2,10,4,5,9,13,22,6,2,4,4,13,28,-45.36894532497263,73.36894532497263
439,2595,2595,2595,Thaddeus Young,2022-23,21.0,0,30,524.0,67,125,4,22,14,18,52,62,114,52,32,3,24,58,152,184.3070383914294,-32.30703839142939
440,2600,2600,2600,Thanasis Antetokounmpo,2022-23,30.0,4,16,69.0,3,6,0,1,1,2,4,10,14,3,2,3,5,4,7,-173.2587478833866,180.2587478833866
441,2601,2601,2601,Theo Maledon,2022-23,21.0,0,31,519.0,59,140,18,55,42,48,8,71,79,74,24,5,32,32,178,181.68024195507138,-3.6802419550713807
442,2606,2606,2606,Theo Pinson,2022-23,27.0,4,13,62.0,3,13,2,8,5,6,2,15,17,5,2,0,3,3,13,-80.95880267773714,93.95880267773714
443,2612,2612,2612,Thomas Bryant,2022-23,25.0,5,18,335.0,72,112,12,24,33,48,24,73,97,17,6,9,14,34,189,168.8005237459662,20.19947625403381
444,2622,2622,2622,Tim Hardaway Jr.,2022-23,31.0,9,31,829.0,131,353,83,237,62,80,8,81,89,54,28,5,30,42,407,405.7781613084546,1.221838691545372
445,2640,2640,2640,Tobias Harris,2022-23,30.0,11,28,962.0,183,369,64,153,46,53,27,148,175,78,35,13,42,64,476,592.3459682961372,-116.34596829613724
446,2646,2646,2646,Tony Bradley,2022-23,25.0,5,9,25.0,4,7,2,4,2,2,1,9,10,1,1,0,1,1,12,5.939144691768433,6.060855308231567
447,2652,2652,2652,Torrey Craig,2022-23,32.0,5,30,733.0,94,200,41,106,17,21,60,96,156,47,22,19,19,73,246,153.94611290811304,92.05388709188696
448,2653,2653,2653,Trae Young,2022-23,21.0,0,30,1069.0,263,633,68,219,231,258,22,63,85,298,23,4,113,42,825,470.6278499544544,354.3721500455456
449,2656,2656,2656,Tre Jones,2022-23,23.0,2,31,934.0,148,341,24,78,76,84,24,84,108,206,43,5,61,53,396,420.42190773679573,-24.42190773679573
450,2658,2658,2658,Tre Mann,2022-23,22.0,1,28,552.0,91,239,39,130,13,20,15,54,69,43,21,4,26,42,234,209.3758792170384,24.624120782961597
451,2660,2660,2660,Trendon Watford,2022-23,22.0,1,24,419.0,48,85,7,19,30,39,19,79,98,43,12,3,24,43,133,139.5030940099149,-6.503094009914889
452,2663,2663,2663,Trent Forrest,2022-23,25.0,2,13,196.0,20,42,0,2,2,3,5,19,24,26,6,2,7,14,42,-31.278219747349794,73.2782197473498
453,2664,2664,2664,Trevelin Queen,2022-23,21.0,0,2,20.0,0,3,0,3,0,0,1,2,3,2,1,1,3,1,0,-80.47404239345974,80.47404239345974
454,2665,2665,2665,Trevor Hudgins,2022-23,21.0,0,1,4.0,1,1,1,1,0,0,0,0,0,0,0,0,0,0,3,-88.87979098980543,91.87979098980543
455,2666,2666,2666,Trevor Keels,2022-23,21.0,0,1,1.0,0,1,0,1,0,0,0,1,1,0,0,0,0,0,0,-90.45586885162027,90.45586885162027
456,2683,2683,2683,Trey Lyles,2022-23,27.0,7,25,341.0,52,122,27,78,17,25,22,46,68,17,7,8,22,27,148,192.67024103360382,-44.670241033603816
457,2685,2685,2685,Trey Murphy III,2022-23,23.0,1,30,867.0,127,271,69,171,57,62,32,97,129,41,34,15,26,62,380,342.8715679687439,37.128432031256125
458,2690,2690,2690,Troy Brown Jr.,2022-23,23.0,4,29,654.0,67,162,25,81,19,19,23,92,115,22,20,3,25,43,178,358.0238423424547,-180.0238423424547
459,2694,2694,2694,Ty Jerome,2022-23,25.0,3,17,274.0,38,72,12,28,18,19,2,22,24,40,3,1,10,20,106,52.051072180689744,53.948927819310256
460,2695,2695,2695,TyTy Washington Jr.,2022-23,21.0,0,6,52.0,10,20,1,7,1,2,1,6,7,8,1,0,0,5,22,-63.66254520076836,85.66254520076836
461,2698,2698,2698,Tyler Dorsey,2022-23,24.0,2,2,7.0,4,5,1,2,0,0,1,1,2,0,0,0,0,0,9,-98.57863830283293,107.57863830283293
462,2703,2703,2703,Tyler Herro,2022-23,23.0,3,25,883.0,189,415,86,211,70,77,14,137,151,106,22,11,66,43,534,435.9798516067982,98.0201483932018
463,2706,2706,2706,Tyrese Haliburton,2022-23,23.0,2,31,1041.0,230,478,96,237,86,98,22,99,121,325,52,13,84,35,642,476.63535147485754,165.36464852514246
464,2707,2707,2707,Tyrese Martin,2022-23,21.0,0,10,38.0,6,15,1,5,2,2,2,3,5,0,1,0,1,2,15,-71.01757522257083,86.01757522257083
465,2710,2710,2710,Tyrese Maxey,2022-23,22.0,2,15,546.0,126,273,43,102,48,65,6,46,52,66,15,4,30,35,343,248.5749910142631,94.4250089857369
466,2718,2718,2718,Tyus Jones,2022-23,27.0,7,31,741.0,125,282,47,126,26,36,13,58,71,143,24,2,34,13,323,402.81395594224597,-79.81395594224597
467,2721,2721,2721,Udoka Azubuike,2022-23,23.0,2,15,63.0,12,14,0,0,2,6,10,17,27,5,2,3,3,5,26,-37.16603147677267,63.16603147677267
468,2741,2741,2741,Udonis Haslem,2022-23,43.0,19,5,37.0,1,10,0,1,1,2,3,3,6,0,1,1,0,7,3,29.29644013168229,-26.29644013168229
469,2743,2743,2743,Usman Garuba,2022-23,21.0,1,30,441.0,36,74,7,15,15,28,61,90,151,33,25,18,22,50,94,183.05348506874049,-89.05348506874049
470,2746,2746,2746,Vernon Carey Jr.,2022-23,22.0,2,3,5.0,0,2,0,0,0,0,0,1,1,0,0,0,1,2,0,-35.64438339967546,35.64438339967546
471,2756,2756,2756,Victor Oladipo,2022-23,31.0,9,8,209.0,25,64,10,34,9,13,3,18,21,22,12,0,9,23,69,80.05540320005923,-11.055403200059231
472,2757,2757,2757,Vince Williams Jr.,2022-23,21.0,0,6,40.0,3,11,1,8,0,0,1,4,5,2,4,1,0,5,7,-69.96685664802771,76.96685664802771
473,2759,2759,2759,Vit Krejci,2022-23,23.0,1,15,101.0,9,24,5,16,1,2,2,8,10,10,2,1,3,10,24,-59.55364608130594,83.55364608130594
474,2763,2763,2763,Vlatko Cancar,2022-23,26.0,3,21,231.0,32,67,16,36,6,7,7,29,36,19,7,4,15,27,86,-2.5318639108395473,88.53186391083955
475,2764,2764,2764,Walker Kessler,2022-23,21.0,0,32,582.0,94,125,0,0,30,54,76,127,203,20,7,60,22,72,218,214.77787705318252,3.2221229468174784
476,2769,2769,2769,Wendell Carter Jr.,2022-23,24.0,4,16,511.0,91,178,18,57,57,70,32,108,140,51,9,8,41,48,257,250.90497752376473,6.095022476235272
477,2770,2770,2770,Wendell Moore Jr.,2022-23,21.0,0,16,96.0,13,28,2,12,4,5,2,11,13,8,5,3,7,11,32,-40.54673656081775,72.54673656081775
478,2774,2774,2774,Wenyen Gabriel,2022-23,26.0,3,23,327.0,50,81,4,13,22,28,35,54,89,13,11,12,18,45,126,47.90262766723458,78.09737233276542
479,2788,2788,2788,Wesley Matthews,2022-23,36.0,13,23,331.0,23,66,18,53,7,8,16,20,36,12,11,4,8,35,71,153.59187263636068,-82.59187263636068
480,2799,2799,2799,Will Barton,2022-23,32.0,10,31,692.0,92,248,44,119,28,35,7,87,94,85,16,9,37,36,256,344.16271973424875,-88.16271973424875
481,2813,2813,2813,Willy Hernangomez,2022-23,29.0,6,15,148.0,27,53,1,6,29,35,21,34,55,13,5,5,20,19,84,-15.060342408370957,99.06034240837096
482,2818,2818,2818,Xavier Tillman,2022-23,24.0,2,17,169.0,27,44,2,6,6,14,18,21,39,8,6,7,7,16,62,-13.470433764832933,75.47043376483293
483,2823,2823,2823,Yuta Watanabe,2022-23,28.0,4,20,387.0,58,104,32,60,11,15,15,45,60,20,8,10,8,32,159,57.790478946684516,101.20952105331548
484,2828,2828,2828,Zach Collins,2022-23,25.0,4,21,438.0,72,137,13,39,27,35,40,78,118,59,10,20,49,77,184,180.56126281408734,3.4387371859126574
485,2837,2837,2837,Zach LaVine,2022-23,28.0,8,28,965.0,224,496,78,211,94,113,17,107,124,118,32,1,69,66,620,530.8532170730896,89.14678292691042
486,2840,2840,2840,Zeke Nnaji,2022-23,22.0,2,22,208.0,34,58,3,14,14,18,19,11,30,5,3,3,10,30,85,71.00355191646042,13.996448083539576
487,2842,2842,2842,Ziaire Williams,2022-23,21.0,1,7,131.0,14,41,1,19,2,2,2,25,27,14,4,2,11,12,31,20.192106014542787,10.807893985457213
488,2845,2845,2845,Zion Williamson,2022-23,21.0,2,25,835.0,242,401,6,18,139,195,53,126,179,118,31,15,78,55,629,432.3963117746074,196.6036882253926
