,PLAYER_ID,RANK,PLAYER,TEAM_ID,TEAM,GP,MIN,FGM,FGA,FG_PCT,FG3M,FG3A,FG3_PCT,FTM,FTA,FT_PCT,OREB,DREB,REB,AST,STL,BLK,TOV,PF,PTS,EFF,AST_TOV,STL_TOV
0,1628369,1,Jayson Tatum,1610612738,BOS,55,2051,547,1178,0.464,183,512,0.357,408,472,0.864,57,416,473,250,57,43,159,120,1685,1654,1.57,0.36
1,1629029,2,Luka Doncic,1610612742,DAL,50,1826,562,1112,0.505,137,392,0.349,405,555,0.73,45,396,441,407,76,24,183,134,1666,1731,2.22,0.41
2,1628983,3,Shai Gilgeous-Alexander,1610612760,OKC,53,1877,541,1065,0.508,47,137,0.343,506,555,0.912,46,202,248,300,87,57,153,143,1635,1601,1.96,0.57
3,1630162,4,Anthony Edwards,1610612750,MIN,61,2211,548,1182,0.464,162,445,0.364,260,335,0.776,37,323,360,274,100,38,205,155,1518,1376,1.34,0.49
4,203507,5,Giannis Antetokounmpo,1610612749,MIL,47,1554,532,988,0.538,38,141,0.27,394,610,0.646,109,463,572,254,36,37,187,159,1496,1536,1.36,0.19
5,203954,6,Joel Embiid,1610612755,PHI,45,1571,496,924,0.537,50,141,0.355,447,521,0.858,80,377,457,183,52,68,159,144,1489,1588,1.15,0.33
6,203944,7,Julius Randle,1610612752,NYK,60,2152,503,1094,0.46,161,477,0.338,318,421,0.755,130,516,646,248,40,18,170,184,1485,1573,1.46,0.23
7,203081,8,Damian Lillard,1610612757,POR,46,1665,435,931,0.467,191,513,0.372,384,419,0.916,29,169,198,334,38,14,147,89,1445,1351,2.27,0.26
8,1629027,9,Trae Young,1610612737,ATL,52,1841,438,1023,0.428,112,346,0.324,402,454,0.885,38,115,153,533,54,8,215,78,1390,1286,2.48,0.25
9,1628378,10,Donovan Mitchell,1610612739,CLE,50,1777,475,990,0.48,182,470,0.387,233,267,0.873,47,156,203,243,74,20,137,116,1365,1219,1.77,0.54
10,2544,11,LeBron James,1610612747,LAL,45,1632,517,1018,0.508,97,313,0.31,218,286,0.762,51,328,379,315,43,25,142,73,1349,1400,2.22,0.3
11,201942,12,DeMar DeRozan,1610612741,CHI,53,1925,484,955,0.507,27,85,0.318,349,396,0.881,23,224,247,270,51,28,119,144,1344,1303,2.27,0.43
12,1628374,13,Lauri Markkanen,1610612762,UTA,54,1851,454,886,0.512,164,398,0.412,270,308,0.877,97,367,464,98,34,34,98,112,1342,1404,1.0,0.35
13,1628973,14,Jalen Brunson,1610612752,NYK,56,1965,480,989,0.485,106,258,0.411,275,328,0.838,36,167,203,347,51,15,114,130,1341,1281,3.04,0.45
14,203897,15,Zach LaVine,1610612741,CHI,55,1982,457,982,0.465,150,407,0.369,255,305,0.836,29,240,269,224,54,11,145,127,1319,1157,1.54,0.37
15,1629630,16,Ja Morant,1610612763,MEM,48,1572,466,999,0.466,81,253,0.32,299,406,0.736,56,230,286,398,50,13,167,84,1312,1252,2.38,0.3
16,1628368,17,De'Aaron Fox,1610612758,SAC,52,1770,480,946,0.507,80,246,0.325,251,315,0.797,25,198,223,322,55,18,138,128,1291,1241,2.33,0.4
17,1627759,18,Jaylen Brown,1610612738,BOS,48,1707,473,971,0.487,121,366,0.331,204,262,0.779,57,279,336,155,53,22,146,128,1271,1135,1.06,0.36
18,203999,19,Nikola Jokic,1610612743,DEN,51,1714,480,759,0.632,43,110,0.391,258,314,0.822,105,479,584,515,65,36,181,134,1261,1945,2.85,0.36
19,1627783,20,Pascal Siakam,1610612761,TOR,49,1845,444,922,0.482,69,201,0.343,280,366,0.765,92,289,381,300,40,27,126,166,1237,1295,2.38,0.32
20,202711,21,Bojan Bogdanovic,1610612765,DET,56,1796,411,837,0.491,136,334,0.407,263,298,0.883,33,172,205,144,33,7,127,104,1221,1022,1.13,0.26
21,203903,22,Jordan Clarkson,1610612762,UTA,58,1886,439,984,0.446,153,443,0.345,189,231,0.818,67,168,235,245,30,13,174,113,1220,982,1.41,0.17
22,1629673,23,Jordan Poole,1610612744,GSW,58,1778,413,939,0.44,155,462,0.335,234,272,0.86,24,140,164,263,47,14,192,157,1215,947,1.37,0.24
23,202681,24,Kyrie Irving,1610612742,DAL,44,1631,438,894,0.49,145,383,0.379,176,197,0.893,44,179,223,239,46,36,101,121,1197,1163,2.37,0.46
24,1629014,25,Anfernee Simons,1610612757,POR,56,1990,427,949,0.45,196,515,0.381,146,160,0.913,15,135,150,235,40,13,121,133,1196,977,1.94,0.33
25,1630224,26,Jalen Green,1610612745,HOU,54,1833,393,960,0.409,137,412,0.333,253,321,0.788,30,186,216,195,41,13,154,90,1176,852,1.27,0.27
26,1628389,27,Bam Adebayo,1610612748,MIA,54,1909,461,848,0.544,1,11,0.091,243,302,0.805,144,395,539,177,65,44,136,152,1166,1409,1.3,0.48
27,201142,28,Kevin Durant,1610612756,PHX,39,1403,410,734,0.559,71,189,0.376,267,286,0.934,14,248,262,207,32,57,136,92,1158,1237,1.52,0.23
28,204001,29,Kristaps Porzingis,1610612764,WAS,50,1627,372,764,0.487,100,270,0.37,295,350,0.843,95,336,431,127,44,76,109,154,1139,1261,1.17,0.4
29,1629640,30,Keldon Johnson,1610612759,SAS,52,1695,403,907,0.444,113,344,0.328,217,279,0.778,45,201,246,140,37,9,108,99,1136,894,1.3,0.34
30,1628398,31,Kyle Kuzma,1610612764,WAS,53,1851,428,948,0.451,136,403,0.337,141,196,0.719,51,351,402,207,26,26,156,123,1133,1063,1.33,0.17
31,203924,32,Jerami Grant,1610612757,POR,54,1927,383,791,0.484,123,303,0.406,232,288,0.806,46,188,234,125,43,44,97,130,1121,1006,1.29,0.44
32,1627749,33,Dejounte Murray,1610612737,ATL,54,1972,449,971,0.462,110,303,0.363,112,134,0.836,38,259,297,328,83,18,121,79,1120,1181,2.71,0.69
33,201939,34,Stephen Curry,1610612744,GSW,38,1313,372,751,0.495,185,433,0.427,190,206,0.922,22,219,241,244,37,15,122,82,1119,1139,2.0,0.3
34,1629636,35,Darius Garland,1610612739,CLE,51,1794,383,819,0.468,130,310,0.419,213,247,0.862,22,117,139,406,64,5,151,110,1109,1102,2.69,0.42
35,203468,36,CJ McCollum,1610612740,NOP,52,1820,411,944,0.435,148,384,0.385,129,162,0.796,39,187,226,307,51,31,137,100,1099,1011,2.24,0.37
36,1630532,37,Franz Wagner,1610612753,ORL,58,1924,400,826,0.484,96,262,0.366,200,241,0.83,53,175,228,205,54,11,124,133,1096,1003,1.65,0.43
37,1626179,38,Terry Rozier,1610612766,CHA,49,1746,396,946,0.419,134,402,0.333,141,172,0.82,47,163,210,240,53,13,103,91,1067,899,2.33,0.52
38,202696,39,Nikola Vucevic,1610612741,CHI,59,2005,432,838,0.516,98,275,0.356,92,112,0.821,123,553,676,198,41,48,102,133,1054,1489,1.94,0.4
39,1627741,40,Buddy Hield,1610612754,IND,60,1921,371,819,0.453,230,540,0.426,80,92,0.87,52,243,295,163,68,19,112,118,1052,1025,1.46,0.61
40,1629628,41,RJ Barrett,1610612752,NYK,53,1829,369,863,0.428,94,291,0.323,213,285,0.747,47,230,277,146,25,8,118,138,1045,817,1.24,0.21
41,1628969,42,Mikal Bridges,1610612751,BKN,59,2139,381,814,0.468,109,275,0.396,169,189,0.894,63,199,262,210,69,48,85,120,1040,1091,2.47,0.81
42,1627734,43,Domantas Sabonis,1610612758,SAC,55,1903,389,637,0.611,23,66,0.348,233,305,0.764,164,511,675,379,46,25,158,204,1034,1681,2.4,0.29
43,1631097,44,Bennedict Mathurin,1610612754,IND,60,1693,327,763,0.429,83,260,0.319,296,357,0.829,66,180,246,85,36,6,110,121,1033,799,0.77,0.33
44,1631094,44,Paolo Banchero,1610612753,ORL,52,1754,338,807,0.419,61,217,0.281,296,393,0.753,61,284,345,187,49,25,141,118,1033,932,1.33,0.35
45,202331,46,Paul George,1610612746,LAC,44,1506,356,773,0.461,130,340,0.382,181,207,0.874,32,236,268,231,64,15,145,120,1023,1013,1.59,0.44
46,1626156,47,D'Angelo Russell,1610612747,LAL,57,1869,356,767,0.464,154,395,0.39,153,180,0.85,30,145,175,351,61,21,152,122,1019,1037,2.31,0.4
47,203915,48,Spencer Dinwiddie,1610612751,BKN,57,1946,337,746,0.452,146,366,0.399,191,231,0.827,20,161,181,300,45,16,96,134,1011,1008,3.13,0.47
48,1627832,49,Fred VanVleet,1610612761,TOR,50,1847,322,817,0.394,150,436,0.344,191,214,0.893,25,191,216,332,79,31,95,143,985,1030,3.5,0.83
49,202691,49,Klay Thompson,1610612744,GSW,46,1508,355,843,0.421,194,487,0.398,81,92,0.88,31,147,178,114,30,16,77,94,985,747,1.48,0.39
50,1629028,51,Deandre Ayton,1610612756,PHX,51,1540,416,701,0.593,7,23,0.304,117,159,0.736,143,372,515,104,29,37,98,141,956,1216,1.06,0.3
51,202710,52,Jimmy Butler,1610612748,MIA,44,1482,317,625,0.507,23,76,0.303,298,350,0.851,97,166,263,223,88,16,74,57,955,1111,3.01,1.19
52,1630169,52,Tyrese Haliburton,1610612754,IND,48,1605,345,718,0.481,138,346,0.399,127,147,0.864,32,149,181,483,84,19,126,56,955,1203,3.83,0.67
53,1629018,54,Gary Trent Jr.,1610612761,TOR,50,1682,327,739,0.442,132,358,0.369,146,175,0.834,19,109,128,81,83,14,46,87,932,751,1.76,1.8
54,1630596,55,Evan Mobley,1610612739,CLE,59,2016,381,691,0.551,14,72,0.194,152,219,0.694,140,386,526,158,46,80,120,168,928,1241,1.32,0.38
55,1629639,56,Tyler Herro,1610612748,MIA,45,1594,337,771,0.437,135,366,0.369,118,128,0.922,21,237,258,199,39,14,112,76,927,881,1.78,0.35
56,201950,57,Jrue Holiday,1610612749,MIL,47,1552,345,747,0.462,112,297,0.377,112,129,0.868,60,186,246,336,61,17,144,90,914,1011,2.33,0.42
57,203076,58,Anthony Davis,1610612747,LAL,35,1168,344,612,0.562,13,52,0.25,209,255,0.82,114,317,431,88,41,70,74,96,910,1152,1.19,0.55
58,1627750,58,Jamal Murray,1610612743,DEN,45,1464,331,718,0.461,108,273,0.396,140,168,0.833,35,151,186,261,43,9,94,60,910,900,2.78,0.46
59,1629023,60,P.J. Washington,1610612766,CHA,59,1940,338,764,0.442,119,341,0.349,102,137,0.745,60,217,277,143,53,66,83,155,897,892,1.72,0.64
60,201935,61,James Harden,1610612755,PHI,41,1494,268,594,0.451,115,296,0.389,227,263,0.863,22,231,253,444,49,24,139,84,878,1147,3.19,0.35
61,1626164,62,Devin Booker,1610612756,PHX,33,1117,315,662,0.476,73,204,0.358,174,205,0.849,24,126,150,183,29,12,82,95,877,791,2.23,0.35
62,1626167,62,Myles Turner,1610612754,IND,50,1489,312,583,0.535,78,205,0.38,175,223,0.785,78,320,398,66,30,117,81,165,877,1088,0.81,0.37
63,1630567,64,Scottie Barnes,1610612761,TOR,56,1971,338,739,0.457,52,173,0.301,146,190,0.768,134,266,400,272,57,48,114,122,874,1092,2.39,0.5
64,1626174,65,Christian Wood,1610612742,DAL,48,1329,309,585,0.528,84,222,0.378,150,198,0.758,65,319,384,84,22,56,93,129,852,981,0.9,0.24
65,1626181,66,Norman Powell,1610612746,LAC,50,1292,284,584,0.486,101,242,0.417,182,226,0.805,20,135,155,88,41,16,82,100,851,725,1.07,0.5
66,203932,67,Aaron Gordon,1610612743,DEN,49,1483,323,550,0.587,50,126,0.397,152,244,0.623,118,218,336,140,40,39,79,91,848,1005,1.77,0.51
67,203084,67,Harrison Barnes,1610612758,SAC,57,1861,260,552,0.471,95,254,0.374,233,280,0.832,55,207,262,90,43,7,65,73,848,846,1.39,0.66
68,1630581,69,Josh Giddey,1610612760,OKC,52,1602,366,749,0.489,49,155,0.316,66,84,0.786,100,303,403,306,39,25,158,110,847,1061,1.94,0.25
69,1631093,70,Jaden Ivey,1610612765,DET,55,1653,285,678,0.42,76,229,0.332,192,265,0.725,55,162,217,253,51,13,156,172,838,750,1.62,0.33
70,202685,71,Jonas Valanciunas,1610612740,NOP,58,1433,332,610,0.544,31,91,0.341,141,171,0.825,166,399,565,96,16,28,111,178,836,1122,0.86,0.14
71,203078,72,Bradley Beal,1610612764,WAS,36,1183,316,608,0.52,63,168,0.375,135,158,0.854,30,97,127,186,32,23,99,68,830,784,1.88,0.32
72,201572,73,Brook Lopez,1610612749,MIL,57,1729,315,621,0.507,104,278,0.374,94,122,0.77,111,260,371,70,27,139,77,145,828,1024,0.91,0.35
73,201566,74,Russell Westbrook,1610612747,LAL,52,1491,304,729,0.417,63,213,0.296,156,238,0.655,59,262,321,391,53,23,184,121,827,924,2.13,0.29
74,202699,75,Tobias Harris,1610612755,PHI,53,1779,325,655,0.496,93,249,0.373,71,82,0.866,51,265,316,137,54,29,67,105,814,942,2.04,0.81
75,1628989,76,Kevin Huerter,1610612758,SAC,54,1648,295,617,0.478,143,365,0.392,72,103,0.699,32,150,182,158,60,18,75,136,805,795,2.11,0.8
76,1630578,77,Alperen Sengun,1610612745,HOU,53,1498,314,559,0.562,12,38,0.316,162,215,0.753,167,297,464,194,45,51,133,180,802,1125,1.46,0.34
77,1628386,78,Jarrett Allen,1610612739,CLE,54,1798,332,507,0.655,1,8,0.125,129,180,0.717,172,360,532,91,43,66,81,122,794,1219,1.12,0.53
78,1630180,79,Saddiq Bey,1610612737,ATL,54,1539,250,619,0.404,104,299,0.348,181,210,0.862,62,190,252,85,50,13,56,87,785,731,1.52,0.89
79,1629631,80,De'Andre Hunter,1610612737,ATL,49,1567,280,609,0.46,78,217,0.359,141,170,0.829,32,183,215,70,27,10,61,147,779,682,1.15,0.44
80,1627736,81,Malik Beasley,1610612747,LAL,58,1533,278,703,0.395,177,496,0.357,37,44,0.841,27,177,204,96,48,8,64,80,770,630,1.5,0.75
81,1630163,82,LaMelo Ball,1610612766,CHA,33,1167,273,669,0.408,128,351,0.365,95,111,0.856,39,169,208,278,44,11,114,113,769,784,2.44,0.39
82,1628415,83,Dillon Brooks,1610612763,MEM,52,1585,290,742,0.391,94,301,0.312,93,118,0.788,31,139,170,134,44,10,79,176,767,569,1.7,0.56
83,1629645,83,Kevin Porter Jr.,1610612745,HOU,40,1359,269,615,0.437,88,254,0.346,141,184,0.766,55,163,218,225,53,16,143,109,767,747,1.57,0.37
84,1628384,85,O.G. Anunoby,1610612761,TOR,45,1611,282,617,0.457,86,235,0.366,110,134,0.821,68,180,248,91,93,35,98,133,760,770,0.93,0.95
85,1629627,86,Zion Williamson,1610612740,NOP,29,956,285,469,0.608,7,19,0.368,177,248,0.714,58,144,202,133,32,16,99,65,754,783,1.34,0.32
86,1630217,87,Desmond Bane,1610612763,MEM,35,1093,263,565,0.465,106,248,0.427,120,133,0.902,23,148,171,146,35,13,77,86,752,725,1.9,0.46
87,202695,87,Kawhi Leonard,1610612746,LAC,34,1101,274,551,0.497,57,150,0.38,147,169,0.87,42,169,211,137,47,18,51,48,752,815,2.69,0.92
88,1630178,89,Tyrese Maxey,1610612755,PHI,38,1245,270,593,0.455,89,226,0.394,122,151,0.808,17,91,108,137,32,5,56,81,751,625,2.45,0.57
89,1630193,90,Immanuel Quickley,1610612752,NYK,59,1637,262,599,0.437,101,287,0.352,122,148,0.824,40,198,238,187,50,8,63,123,747,804,2.97,0.79
90,203501,91,Tim Hardaway Jr.,1610612742,DAL,54,1633,249,661,0.377,150,425,0.353,94,125,0.752,19,179,198,94,41,7,47,86,742,592,2.0,0.87
91,1627763,92,Malcolm Brogdon,1610612738,BOS,50,1264,255,529,0.482,101,222,0.455,124,140,0.886,34,174,208,186,30,14,82,80,735,801,2.27,0.37
92,1628370,93,Malik Monk,1610612758,SAC,54,1219,255,575,0.443,90,274,0.328,126,138,0.913,27,113,140,209,36,13,107,85,726,685,1.95,0.34
93,1630530,94,Trey Murphy III,1610612740,NOP,56,1643,249,518,0.481,124,312,0.397,102,112,0.911,43,162,205,71,56,29,45,116,724,761,1.58,1.24
94,1629622,95,Max Strus,1610612748,MIA,57,1722,252,625,0.403,148,438,0.338,66,75,0.88,40,165,205,125,37,9,57,121,718,655,2.19,0.65
95,1629008,96,Michael Porter Jr.,1610612743,DEN,42,1234,260,546,0.476,123,303,0.406,64,81,0.79,39,186,225,43,29,21,47,95,707,675,0.92,0.62
96,1626162,97,Kelly Oubre Jr.,1610612766,CHA,35,1141,263,624,0.421,80,260,0.308,100,140,0.714,52,127,179,42,55,13,44,104,706,550,0.95,1.25
97,1629652,98,Luguentz Dort,1610612760,OKC,50,1494,238,578,0.412,94,264,0.356,130,172,0.756,68,138,206,112,52,13,67,164,700,634,1.67,0.78
98,203486,99,Mason Plumlee,1610612746,LAC,58,1631,269,400,0.673,0,0,0.0,161,262,0.615,189,363,552,211,37,36,88,166,699,1215,2.4,0.42
99,1628401,100,Derrick White,1610612738,BOS,59,1636,238,528,0.451,106,275,0.385,112,130,0.862,32,164,196,229,44,54,63,130,694,846,3.63,0.7
100,1629651,101,Nic Claxton,1610612751,BKN,54,1592,301,417,0.722,0,2,0.0,90,178,0.506,137,351,488,89,40,139,69,152,692,1175,1.29,0.58
101,1626171,102,Bobby Portis,1610612749,MIL,47,1258,281,563,0.499,58,170,0.341,58,70,0.829,120,353,473,85,22,11,59,81,678,916,1.44,0.37
102,1628991,103,Jaren Jackson Jr.,1610612763,MEM,40,1088,242,482,0.502,62,174,0.356,131,169,0.775,69,198,267,35,44,131,63,135,677,813,0.56,0.7
103,1629669,104,Jaylen Nowell,1610612750,MIN,61,1201,266,595,0.447,66,223,0.296,76,97,0.784,33,130,163,124,39,4,61,92,674,593,2.03,0.64
104,1630231,105,Kenyon Martin Jr.,1610612745,HOU,58,1526,266,475,0.56,51,156,0.327,90,141,0.638,87,235,322,88,26,23,68,101,673,804,1.29,0.38
105,1629012,106,Collin Sexton,1610612762,UTA,47,1129,230,454,0.507,48,117,0.41,162,197,0.822,37,67,104,135,27,6,84,109,670,599,1.61,0.32
106,203497,107,Rudy Gobert,1610612750,MIN,50,1524,255,377,0.676,0,3,0.0,156,233,0.67,158,422,580,45,39,65,88,148,666,1108,0.51,0.44
107,1630200,108,Tre Jones,1610612759,SAS,52,1524,257,589,0.436,35,132,0.265,114,128,0.891,43,144,187,325,69,8,91,75,663,815,3.57,0.76
108,1630183,109,Jaden McDaniels,1610612750,MIN,58,1770,258,501,0.515,72,187,0.385,74,100,0.74,75,150,225,118,55,57,84,202,662,764,1.41,0.66
109,1628381,109,John Collins,1610612737,ATL,50,1555,259,512,0.506,40,161,0.248,104,128,0.813,56,298,354,62,34,62,59,164,662,838,1.05,0.58
110,1631095,111,Jabari Smith Jr.,1610612745,HOU,55,1646,232,596,0.389,88,290,0.303,108,136,0.794,71,316,387,65,28,53,81,163,660,720,0.8,0.35
111,1627747,112,Caris LeVert,1610612739,CLE,55,1674,236,575,0.41,86,236,0.364,101,141,0.716,40,177,217,216,47,13,92,124,659,681,2.35,0.51
112,202694,113,Marcus Morris Sr.,1610612746,LAC,53,1519,243,565,0.43,104,274,0.38,64,82,0.78,24,200,224,97,33,21,45,116,654,644,2.16,0.73
113,1628971,114,Bruce Brown,1610612743,DEN,58,1670,256,521,0.491,78,201,0.388,63,88,0.716,40,183,223,212,63,36,96,138,653,801,2.21,0.66
114,1631099,114,Keegan Murray,1610612758,SAC,55,1625,233,527,0.442,137,330,0.415,50,63,0.794,61,192,253,59,40,29,49,105,653,678,1.2,0.82
115,1631114,116,Jalen Williams,1610612760,OKC,53,1539,259,510,0.508,46,142,0.324,82,108,0.759,48,171,219,153,66,29,83,135,646,753,1.84,0.8
116,203484,117,Kentavious Caldwell-Pope,1610612743,DEN,56,1758,228,482,0.473,109,242,0.45,73,87,0.839,28,139,167,134,77,24,67,113,638,705,2.0,1.15
117,201569,118,Eric Gordon,1610612746,LAC,49,1466,215,493,0.436,88,253,0.348,117,143,0.818,12,89,101,146,32,19,83,46,635,546,1.76,0.39
118,203952,119,Andrew Wiggins,1610612744,GSW,37,1190,250,529,0.473,89,225,0.396,44,72,0.611,61,125,186,85,45,28,48,107,633,622,1.77,0.94
119,203994,120,Jusuf Nurkic,1610612757,POR,45,1226,232,443,0.524,39,100,0.39,116,169,0.686,103,322,425,130,39,39,110,162,619,878,1.18,0.35
120,1629667,121,Jalen McDaniels,1610612755,PHI,59,1550,228,508,0.449,67,205,0.327,89,105,0.848,48,235,283,115,67,29,80,165,612,730,1.44,0.84
121,1627826,122,Ivica Zubac,1610612746,LAC,59,1734,237,384,0.617,0,2,0.0,128,183,0.699,196,402,598,62,23,77,101,174,602,1059,0.61,0.23
122,1628976,123,Wendell Carter Jr.,1610612753,ORL,39,1173,222,417,0.532,51,138,0.37,106,141,0.752,77,254,331,103,14,22,86,115,601,755,1.2,0.16
123,1627751,124,Jakob Poeltl,1610612761,TOR,49,1278,259,412,0.629,0,1,0.0,80,136,0.588,160,274,434,146,39,61,101,134,598,968,1.45,0.39
124,1630172,124,Patrick Williams,1610612741,CHI,59,1715,226,494,0.457,82,206,0.398,64,72,0.889,57,201,258,79,49,46,78,116,598,676,1.01,0.63
125,202692,126,Alec Burks,1610612765,DET,46,1015,183,416,0.44,89,210,0.424,138,169,0.817,17,118,135,100,33,6,53,89,593,550,1.89,0.62
126,203482,127,Kelly Olynyk,1610612762,UTA,48,1353,195,393,0.496,70,173,0.405,122,143,0.853,60,195,255,158,46,27,105,184,582,744,1.5,0.44
127,1629001,128,De'Anthony Melton,1610612755,PHI,54,1537,207,484,0.428,118,294,0.401,45,57,0.789,52,174,226,145,93,29,75,133,577,706,1.93,1.24
128,1628960,129,Grayson Allen,1610612749,MIL,54,1491,183,412,0.444,106,262,0.405,94,104,0.904,46,138,184,130,44,10,59,86,566,636,2.2,0.75
129,202704,129,Reggie Jackson,1610612743,DEN,52,1338,214,512,0.418,77,220,0.35,61,66,0.924,22,94,116,183,38,5,96,92,566,509,1.91,0.4
130,1629626,131,Bol Bol,1610612753,ORL,54,1251,233,401,0.581,28,83,0.337,69,92,0.75,61,276,337,46,23,72,98,73,563,752,0.47,0.23
131,1630170,131,Devin Vassell,1610612759,SAS,29,907,206,463,0.445,82,203,0.404,69,87,0.793,6,109,115,104,35,12,45,42,563,509,2.31,0.78
132,1626145,133,Tyus Jones,1610612763,MEM,57,1319,210,487,0.431,81,218,0.372,58,72,0.806,22,105,127,258,59,4,53,24,559,663,4.87,1.11
133,203471,134,Dennis Schroder,1610612747,LAL,46,1379,181,429,0.422,54,156,0.346,141,163,0.865,13,105,118,189,32,5,71,102,557,560,2.66,0.45
134,1629022,135,Lonnie Walker IV,1610612747,LAL,42,1123,201,443,0.454,74,201,0.368,77,87,0.885,13,76,89,56,26,14,38,62,553,448,1.47,0.68
135,1630191,136,Isaiah Stewart,1610612765,DET,48,1368,191,430,0.444,64,198,0.323,106,145,0.731,112,274,386,66,20,32,67,128,552,711,0.98,0.3
136,1629611,136,Terance Mann,1610612746,LAC,60,1412,213,407,0.523,58,148,0.392,68,88,0.773,57,168,225,130,32,19,57,108,552,687,2.28,0.56
137,1630245,138,Ayo Dosunmu,1610612741,CHI,57,1619,221,439,0.503,47,145,0.324,54,67,0.806,40,134,174,161,39,20,78,145,543,628,2.06,0.5
138,1629675,139,Naz Reid,1610612750,MIN,53,938,216,408,0.529,51,155,0.329,56,83,0.675,60,190,250,54,29,45,68,129,539,630,0.79,0.43
139,1627742,140,Brandon Ingram,1610612740,NOP,24,772,194,414,0.469,37,91,0.407,113,129,0.876,11,108,119,117,18,12,79,61,538,489,1.48,0.23
140,1628404,140,Josh Hart,1610612752,NYK,54,1782,201,392,0.513,43,126,0.341,93,127,0.732,100,333,433,208,59,10,81,143,538,942,2.57,0.73
141,1629634,142,Brandon Clarke,1610612763,MEM,51,1020,219,330,0.664,1,6,0.167,96,133,0.722,83,202,285,64,33,36,53,122,535,752,1.21,0.62
142,101108,143,Chris Paul,1610612756,PHX,39,1247,185,434,0.426,61,163,0.374,102,123,0.829,15,150,165,353,62,18,81,84,533,780,4.36,0.77
143,1630168,144,Onyeka Okongwu,1610612737,ATL,57,1365,222,352,0.631,1,5,0.2,86,116,0.741,152,265,417,58,38,73,55,185,531,902,1.05,0.69
144,1630631,145,Jose Alvarado,1610612740,NOP,58,1264,192,470,0.409,81,239,0.339,65,80,0.813,26,111,137,181,64,10,80,121,530,549,2.26,0.8
145,1627814,146,Damion Lee,1610612756,PHX,60,1324,172,392,0.439,98,223,0.439,86,95,0.905,28,164,192,91,28,6,70,98,528,546,1.3,0.4
146,200768,146,Kyle Lowry,1610612748,MIA,44,1464,169,427,0.396,90,270,0.333,100,117,0.855,38,152,190,232,49,17,87,121,528,654,2.67,0.56
147,1630165,148,Killian Hayes,1610612765,DET,55,1471,209,562,0.372,65,213,0.305,42,53,0.792,19,131,150,320,72,18,110,163,525,611,2.91,0.66
148,1630538,149,Bones Hyland,1610612746,LAC,44,852,177,444,0.399,93,245,0.38,76,89,0.854,13,80,93,128,30,13,70,72,523,437,1.83,0.43
149,203991,149,Clint Capela,1610612737,ATL,43,1156,237,378,0.627,0,1,0.0,49,80,0.613,183,305,488,35,30,51,35,95,523,920,1.0,0.86
150,1630230,149,Naji Marshall,1610612740,NOP,54,1345,183,428,0.428,54,170,0.318,103,133,0.774,37,163,200,136,45,13,69,84,523,573,1.97,0.65
151,1630174,152,Aaron Nesmith,1610612754,IND,53,1300,178,426,0.418,81,227,0.357,84,97,0.866,43,156,199,65,41,23,49,180,521,539,1.33,0.84
152,1628449,152,Chris Boucher,1610612761,TOR,53,1102,188,383,0.491,43,135,0.319,102,138,0.739,118,192,310,23,37,45,26,104,521,679,0.89,1.42
153,1626224,154,Cedi Osman,1610612739,CLE,58,1218,190,415,0.458,82,234,0.35,56,83,0.675,17,112,129,89,31,7,42,89,518,480,2.12,0.74
154,1628420,155,Monte Morris,1610612764,WAS,50,1407,198,412,0.481,67,167,0.401,54,67,0.806,20,151,171,267,36,8,49,67,517,723,5.45,0.73
155,1630583,156,Santi Aldama,1610612763,MEM,54,1194,182,381,0.478,75,201,0.373,76,103,0.738,56,198,254,66,37,38,40,101,515,644,1.65,0.93
156,1631100,157,AJ Griffin,1610612737,ATL,55,1122,203,426,0.477,82,208,0.394,26,30,0.867,25,89,114,55,38,7,33,67,514,468,1.67,1.15
157,1628418,157,Thomas Bryant,1610612743,DEN,44,906,204,312,0.654,22,51,0.431,84,113,0.743,70,216,286,29,14,23,29,81,514,700,1.0,0.48
158,203926,159,Doug McDermott,1610612759,SAS,51,1043,188,407,0.462,95,228,0.417,38,51,0.745,16,96,112,74,9,6,48,89,509,430,1.54,0.19
159,1630166,160,Deni Avdija,1610612764,WAS,56,1472,182,419,0.434,50,170,0.294,94,125,0.752,60,290,350,141,50,27,81,163,508,727,1.74,0.62
160,1629060,160,Rui Hachimura,1610612747,LAL,41,1016,203,421,0.482,38,117,0.325,64,91,0.703,36,159,195,41,15,15,41,47,508,488,1.0,0.37
161,1629684,162,Grant Williams,1610612738,BOS,58,1616,170,366,0.464,89,215,0.414,78,94,0.83,64,216,280,106,37,22,66,150,507,674,1.61,0.56
162,1626220,163,Royce O'Neale,1610612751,BKN,55,1838,175,442,0.396,123,306,0.402,32,44,0.727,37,224,261,216,46,39,88,170,505,700,2.46,0.52
163,1631106,164,Tari Eason,1610612745,HOU,58,1124,194,437,0.444,39,113,0.345,75,99,0.758,128,192,320,55,61,33,62,127,502,642,0.89,0.98
164,1626196,165,Josh Richardson,1610612740,NOP,44,1050,183,421,0.435,75,214,0.35,58,68,0.853,30,94,124,142,47,14,65,77,499,513,2.19,0.72
165,203992,166,Bogdan Bogdanovic,1610612737,ATL,34,1015,183,428,0.428,93,243,0.383,36,47,0.766,14,100,114,103,29,11,40,59,495,456,2.58,0.72
166,1629656,166,Quentin Grimes,1610612752,NYK,49,1479,175,393,0.445,89,256,0.348,56,70,0.8,40,128,168,94,32,20,50,125,495,527,1.88,0.64
167,1628997,168,Caleb Martin,1610612748,MIA,49,1485,187,412,0.454,65,180,0.361,55,72,0.764,69,187,256,79,51,20,56,108,494,602,1.41,0.91
168,1628365,168,Markelle Fultz,1610612753,ORL,38,1108,205,409,0.501,15,50,0.3,69,90,0.767,48,105,153,209,56,15,89,79,494,613,2.35,0.63
169,1629003,170,Shake Milton,1610612755,PHI,53,1138,186,375,0.496,41,106,0.387,76,89,0.854,27,118,145,159,18,9,72,87,489,546,2.21,0.25
170,1627777,171,Georges Niang,1610612755,PHI,55,1089,169,378,0.447,119,291,0.409,28,32,0.875,17,120,137,63,22,11,40,103,485,465,1.57,0.55
171,201144,172,Mike Conley,1610612750,MIN,46,1367,160,396,0.404,81,226,0.358,81,100,0.81,19,94,113,348,49,10,79,99,482,668,4.41,0.62
172,1628380,173,Zach Collins,1610612759,SAS,48,1016,187,347,0.539,29,81,0.358,78,105,0.743,86,197,283,126,21,30,92,153,481,662,1.37,0.23
173,1631110,174,Jeremy Sochan,1610612759,SAS,48,1242,195,435,0.448,28,107,0.262,61,88,0.693,81,155,236,121,36,22,83,122,479,544,1.46,0.43
174,1630557,175,Corey Kispert,1610612764,WAS,50,1360,165,344,0.48,93,224,0.415,51,59,0.864,20,115,135,62,29,6,39,67,474,480,1.59,0.74
175,202330,176,Gordon Hayward,1610612766,CHA,34,1059,176,381,0.462,35,111,0.315,86,106,0.811,24,119,143,123,30,7,63,45,473,488,1.95,0.48
176,1630175,177,Cole Anthony,1610612753,ORL,39,977,164,370,0.443,42,127,0.331,99,112,0.884,23,156,179,160,23,24,58,96,469,578,2.76,0.4
177,1629655,177,Daniel Gafford,1610612764,WAS,56,1049,190,255,0.745,0,0,0.0,89,139,0.64,109,186,295,52,20,74,53,126,469,742,0.98,0.38
178,1631117,179,Walker Kessler,1610612762,UTA,57,1212,203,285,0.712,0,0,0.0,62,114,0.544,166,271,437,43,23,117,46,129,468,908,0.94,0.5
179,203935,180,Marcus Smart,1610612738,BOS,42,1360,168,395,0.425,74,222,0.333,56,73,0.767,30,117,147,300,59,17,99,110,466,646,3.03,0.6
180,1630188,181,Jalen Smith,1610612754,IND,51,928,173,375,0.461,41,150,0.273,76,100,0.76,89,196,285,48,17,39,57,107,463,569,0.84,0.3
181,1629020,182,Jarred Vanderbilt,1610612747,LAL,55,1321,183,325,0.563,19,57,0.333,71,106,0.67,125,302,427,151,57,16,70,139,456,860,2.16,0.81
182,1631101,183,Shaedon Sharpe,1610612757,POR,57,1157,181,378,0.479,57,160,0.356,32,48,0.667,44,101,145,37,21,14,37,91,451,418,1.0,0.57
183,1629632,184,Coby White,1610612741,CHI,51,1135,161,386,0.417,83,235,0.353,44,53,0.83,11,126,137,101,38,5,41,86,449,455,2.46,0.93
184,1629216,184,Gabe Vincent,1610612748,MIA,45,1183,156,391,0.399,80,243,0.329,57,65,0.877,18,85,103,117,42,4,67,113,449,405,1.75,0.63
185,1628470,186,Torrey Craig,1610612756,PHX,57,1474,172,377,0.456,75,186,0.403,27,37,0.73,117,209,326,89,39,36,59,135,446,662,1.51,0.66
186,1630560,187,Cam Thomas,1610612751,BKN,41,679,147,321,0.458,36,88,0.409,114,135,0.844,6,63,69,64,15,5,43,44,444,359,1.49,0.35
187,1631105,188,Jalen Duren,1610612765,DET,51,1283,186,285,0.653,0,1,0.0,69,113,0.611,170,276,446,55,31,46,61,136,441,815,0.9,0.51
188,204456,189,T.J. McConnell,1610612754,IND,57,1119,190,364,0.522,18,41,0.439,41,48,0.854,33,133,166,284,58,5,102,74,439,669,2.78,0.57
189,1628975,190,Jevon Carter,1610612749,MIL,58,1307,162,375,0.432,91,218,0.417,22,27,0.815,25,124,149,149,57,25,63,118,437,536,2.37,0.91
190,203925,190,Joe Harris,1610612751,BKN,51,1215,159,344,0.462,104,246,0.423,15,24,0.625,19,115,134,83,26,13,32,124,437,467,2.59,0.81
191,1626157,192,Karl-Anthony Towns,1610612750,MIN,21,709,153,303,0.505,38,117,0.325,92,104,0.885,35,137,172,111,16,14,65,82,436,522,1.71,0.25
192,1628977,193,Hamidou Diallo,1610612765,DET,50,841,177,301,0.588,5,18,0.278,75,128,0.586,48,119,167,47,45,14,59,108,434,471,0.8,0.76
193,1628978,194,Donte DiVincenzo,1610612744,GSW,48,1210,149,345,0.432,99,238,0.416,33,40,0.825,43,156,199,159,63,5,70,88,430,583,2.27,0.9
194,1630559,195,Austin Reaves,1610612747,LAL,41,1144,137,279,0.491,51,137,0.372,104,119,0.874,25,97,122,89,21,15,54,68,429,465,1.65,0.39
195,1629614,196,Andrew Nembhard,1610612754,IND,53,1435,170,401,0.424,62,183,0.339,26,30,0.867,27,120,147,220,53,10,91,140,428,532,2.42,0.58
196,1629021,197,Moritz Wagner,1610612753,ORL,38,799,138,282,0.489,39,122,0.32,111,128,0.867,53,127,180,64,29,9,47,104,426,500,1.36,0.62
197,203110,198,Draymond Green,1610612744,GSW,52,1646,168,321,0.523,32,96,0.333,56,80,0.7,42,338,380,358,50,41,134,157,424,942,2.67,0.37
198,201143,199,Al Horford,1610612738,BOS,45,1380,156,336,0.464,92,218,0.422,13,18,0.722,53,227,280,119,22,41,28,85,417,666,4.25,0.79
199,1630529,200,Herbert Jones,1610612740,NOP,43,1239,147,333,0.441,32,113,0.283,89,119,0.748,59,105,164,93,72,28,56,141,415,500,1.66,1.29
200,203552,201,Seth Curry,1610612751,BKN,40,914,153,333,0.459,74,176,0.42,34,35,0.971,10,67,77,81,26,7,42,74,414,382,1.93,0.62
201,203937,202,Kyle Anderson,1610612750,MIN,48,1253,151,300,0.503,29,68,0.426,81,104,0.779,37,189,226,195,57,40,66,102,412,692,2.96,0.86
202,1630198,203,Isaiah Joe,1610612760,OKC,49,771,132,282,0.468,104,230,0.452,41,49,0.837,17,92,109,53,29,6,21,66,409,427,2.52,1.38
203,1631103,203,Malaki Branham,1610612759,SAS,45,989,161,362,0.445,52,165,0.315,35,45,0.778,15,81,96,87,24,6,47,74,409,364,1.85,0.51
204,1630544,205,Tre Mann,1610612760,OKC,51,939,158,402,0.393,66,213,0.31,26,38,0.684,20,95,115,79,33,10,49,78,408,340,1.61,0.67
205,1626172,206,Kevon Looney,1610612744,GSW,58,1354,166,253,0.656,0,0,0.0,64,104,0.615,176,334,510,148,32,33,28,162,396,964,5.29,1.14
206,203493,207,Reggie Bullock,1610612742,DAL,58,1764,133,337,0.395,105,284,0.37,24,35,0.686,28,173,201,80,45,13,28,130,395,491,2.86,1.61
207,1627827,208,Dorian Finney-Smith,1610612751,BKN,44,1406,138,337,0.409,81,232,0.349,33,45,0.733,75,139,214,63,38,20,40,91,390,474,1.57,0.95
208,1630228,209,Jonathan Kuminga,1610612744,GSW,46,886,150,303,0.495,32,96,0.333,56,87,0.644,41,100,141,81,22,20,67,106,388,401,1.21,0.33
209,1630171,210,Isaac Okoro,1610612739,CLE,61,1295,139,284,0.489,47,136,0.346,61,83,0.735,39,116,155,70,44,26,37,118,386,477,1.89,1.19
210,202322,210,John Wall,1610612746,LAC,34,755,138,338,0.408,33,109,0.303,77,113,0.681,14,78,92,178,27,12,80,59,386,379,2.23,0.34
211,1629026,212,Kenrich Williams,1610612760,OKC,49,1101,161,310,0.519,47,123,0.382,14,32,0.438,92,150,242,97,37,14,27,95,383,579,3.59,1.37
212,1626204,213,Larry Nance Jr.,1610612740,NOP,48,1089,161,260,0.619,13,37,0.351,47,69,0.681,87,201,288,92,44,34,36,104,382,683,2.56,1.22
213,1628972,214,Troy Brown Jr.,1610612747,LAL,53,1279,141,322,0.438,67,185,0.362,26,27,0.963,48,178,226,57,39,8,37,81,375,486,1.54,1.05
214,203939,215,Dwight Powell,1610612742,DAL,55,1083,141,194,0.727,0,3,0.0,92,130,0.708,112,123,235,44,35,23,50,159,374,570,0.88,0.7
215,1630182,216,Josh Green,1610612742,DAL,40,995,132,242,0.545,46,112,0.411,59,82,0.72,37,71,108,64,35,3,41,105,369,405,1.56,0.85
216,1626168,217,Trey Lyles,1610612758,SAC,51,812,124,265,0.468,55,151,0.364,65,79,0.823,46,138,184,42,17,24,41,60,368,439,1.02,0.41
217,1630173,218,Precious Achiuwa,1610612761,TOR,35,827,140,287,0.488,19,75,0.253,67,97,0.691,75,160,235,36,24,24,41,76,366,467,0.88,0.58
218,1628966,219,Keita Bates-Diop,1610612759,SAS,45,904,140,284,0.493,26,73,0.356,58,74,0.784,45,105,150,51,31,12,35,45,364,413,1.46,0.89
219,1630573,220,Sam Hauser,1610612738,BOS,57,903,127,281,0.452,97,234,0.415,10,15,0.667,25,124,149,42,17,12,19,73,361,403,2.21,0.9
220,203500,220,Steven Adams,1610612763,MEM,42,1133,157,263,0.597,0,1,0.0,47,129,0.364,214,271,485,97,36,46,79,98,361,758,1.23,0.46
221,1630208,222,Nick Richards,1610612766,CHA,45,777,135,218,0.619,0,0,0.0,90,124,0.726,112,147,259,22,9,43,39,104,360,537,0.56,0.23
222,1629134,223,Kendrick Nunn,1610612764,WAS,50,730,139,327,0.425,55,161,0.342,26,31,0.839,11,68,79,64,19,3,45,48,359,286,1.42,0.42
223,1629659,224,Talen Horton-Tucker,1610612762,UTA,46,760,130,320,0.406,31,119,0.261,61,83,0.735,21,93,114,132,28,19,56,68,352,377,2.36,0.5
224,1626192,225,Pat Connaughton,1610612749,MIL,41,1043,124,314,0.395,85,240,0.354,17,28,0.607,35,173,208,53,30,5,25,44,350,420,2.12,1.2
225,203082,225,Terrence Ross,1610612756,PHX,43,969,136,316,0.43,62,168,0.369,16,22,0.727,11,78,89,58,25,8,37,55,350,307,1.57,0.68
226,201567,227,Kevin Love,1610612748,MIA,41,821,111,285,0.389,69,195,0.354,56,63,0.889,42,238,280,76,7,7,47,65,347,489,1.62,0.15
227,1628984,228,Devonte' Graham,1610612759,SAS,57,922,105,287,0.366,78,229,0.341,54,71,0.761,16,66,82,135,35,12,31,52,342,376,4.36,1.13
228,1628410,228,Edmond Sumner,1610612751,BKN,46,668,113,246,0.459,28,81,0.346,88,95,0.926,11,61,72,66,30,9,44,76,342,335,1.5,0.68
229,1626166,230,Cameron Payne,1610612756,PHX,28,671,127,308,0.412,48,127,0.378,38,49,0.776,9,55,64,148,25,5,55,57,340,335,2.69,0.46
230,201587,231,Nicolas Batum,1610612746,LAC,57,1238,113,277,0.408,85,225,0.378,27,41,0.659,50,190,240,84,34,40,38,117,338,520,2.21,0.9
231,1629111,232,Jock Landale,1610612756,PHX,51,721,127,246,0.516,17,74,0.23,64,82,0.78,85,119,204,46,13,23,47,92,335,437,0.98,0.28
232,1629234,233,Drew Eubanks,1610612757,POR,56,1093,139,204,0.681,3,7,0.429,51,75,0.68,91,185,276,64,28,67,44,122,332,634,1.46,0.64
233,201609,234,Goran Dragic,1610612741,CHI,51,787,127,299,0.425,45,128,0.352,27,41,0.659,13,56,69,139,11,4,56,63,326,307,2.48,0.2
234,1630591,235,Jalen Suggs,1610612753,ORL,34,781,115,268,0.429,39,127,0.307,52,76,0.684,30,61,91,117,44,16,65,80,321,347,1.8,0.68
235,1628372,236,Dennis Smith Jr.,1610612766,CHA,38,951,130,304,0.428,15,72,0.208,45,61,0.738,16,89,105,168,52,17,59,85,320,413,2.85,0.88
236,1629006,237,Josh Okogie,1610612756,PHX,50,748,103,245,0.42,37,106,0.349,72,103,0.699,75,85,160,62,35,22,42,75,315,379,1.48,0.83
237,1627752,238,Taurean Prince,1610612750,MIN,37,787,117,236,0.496,50,126,0.397,30,36,0.833,11,79,90,60,19,14,45,88,314,327,1.33,0.42
238,1629056,239,Terence Davis,1610612758,SAC,44,607,113,257,0.44,60,166,0.361,27,30,0.9,17,90,107,56,35,11,38,80,313,337,1.47,0.92
239,1630558,240,Davion Mitchell,1610612758,SAC,56,999,125,281,0.445,42,132,0.318,20,25,0.8,12,63,75,118,28,11,46,78,312,337,2.56,0.61
240,1628392,240,Isaiah Hartenstein,1610612752,NYK,60,1181,132,255,0.518,8,34,0.235,40,53,0.755,168,228,396,52,34,50,49,152,312,659,1.06,0.69
241,1630237,242,Anthony Lamb,1610612744,GSW,43,837,112,221,0.507,58,145,0.4,28,39,0.718,33,106,139,73,22,11,42,99,310,393,1.74,0.52
242,203115,243,Will Barton,1610612764,WAS,40,782,110,284,0.387,52,137,0.38,35,45,0.778,10,101,111,95,17,10,45,39,307,311,2.11,0.38
243,1630543,244,Isaiah Jackson,1610612754,IND,45,689,118,206,0.573,2,12,0.167,68,105,0.648,63,112,175,40,19,66,39,99,306,442,1.03,0.49
244,203488,245,Mike Muscala,1610612738,BOS,46,698,104,234,0.444,65,165,0.394,32,41,0.78,24,125,149,40,12,20,16,76,305,371,2.5,0.75
245,1630598,246,Aaron Wiggins,1610612760,OKC,46,846,112,222,0.505,32,79,0.405,39,47,0.83,48,98,146,62,21,8,37,74,295,377,1.68,0.57
246,203083,246,Andre Drummond,1610612741,CHI,46,595,124,198,0.626,0,2,0.0,47,88,0.534,97,211,308,26,31,16,53,85,295,508,0.49,0.58
247,1628964,248,Mo Bamba,1610612747,LAL,41,696,108,221,0.489,43,113,0.381,35,53,0.66,48,142,190,43,12,41,23,92,294,426,1.87,0.52
248,201145,249,Jeff Green,1610612743,DEN,37,711,112,224,0.5,15,62,0.242,53,76,0.697,25,68,93,44,15,9,34,71,292,284,1.29,0.44
249,1627732,250,Ben Simmons,1610612751,BKN,42,1105,133,235,0.566,0,2,0.0,25,57,0.439,40,223,263,256,54,24,97,139,291,657,2.64,0.56
250,1631223,250,David Roddy,1610612763,MEM,46,817,111,265,0.419,39,133,0.293,30,48,0.625,31,92,123,30,23,12,43,70,291,264,0.7,0.54
251,203506,252,Victor Oladipo,1610612748,MIA,26,739,105,260,0.404,37,125,0.296,43,57,0.754,13,77,90,101,43,6,48,63,290,313,2.1,0.9
252,1629117,253,Wenyen Gabriel,1610612747,LAL,46,706,121,196,0.617,9,30,0.3,38,61,0.623,76,103,179,22,16,25,33,101,289,400,0.67,0.48
253,1629723,254,John Konchar,1610612763,MEM,49,1097,108,249,0.434,52,140,0.371,20,23,0.87,43,188,231,70,50,13,29,73,288,479,2.41,1.72
254,1630167,254,Obi Toppin,1610612752,NYK,45,669,106,255,0.416,53,151,0.351,23,31,0.742,21,118,139,38,14,7,21,45,288,308,1.81,0.67
255,201976,254,Patrick Beverley,1610612741,CHI,45,1211,97,241,0.402,55,158,0.348,39,50,0.78,24,116,140,118,40,25,42,124,288,414,2.81,0.95
256,1630552,257,Jalen Johnson,1610612737,ATL,55,790,112,235,0.477,23,81,0.284,40,61,0.656,41,172,213,50,25,24,27,78,287,428,1.85,0.93
257,1628379,257,Luke Kennard,1610612763,MEM,37,767,101,219,0.461,62,138,0.449,23,24,0.958,7,79,86,40,19,4,30,53,287,287,1.33,0.63
258,1629013,259,Landry Shamet,1610612756,PHX,30,642,92,242,0.38,61,162,0.377,41,45,0.911,8,43,51,67,18,5,29,46,286,244,2.31,0.62
259,1630537,260,Chris Duarte,1610612754,IND,36,694,94,261,0.36,41,138,0.297,55,66,0.833,15,73,88,53,18,8,33,54,284,240,1.61,0.55
260,1626149,261,Montrezl Harrell,1610612755,PHI,50,624,112,185,0.605,0,2,0.0,59,85,0.694,60,78,138,31,16,25,31,74,283,363,1.0,0.52
261,1629139,262,Yuta Watanabe,1610612751,BKN,43,772,100,192,0.521,52,108,0.481,29,39,0.744,26,84,110,38,19,15,17,62,281,344,2.23,1.12
262,1629661,263,Cameron Johnson,1610612751,BKN,20,519,97,210,0.462,52,123,0.423,34,43,0.791,15,62,77,33,19,7,10,35,280,284,3.3,1.9
263,1629011,264,Mitchell Robinson,1610612752,NYK,38,1022,118,175,0.674,0,0,0.0,39,77,0.506,165,173,338,37,34,68,18,111,275,639,2.06,1.89
264,1630197,265,Aleksej Pokusevski,1610612760,OKC,31,677,107,243,0.44,38,101,0.376,21,33,0.636,45,112,157,62,20,41,41,57,273,364,1.51,0.49
265,1627936,266,Alex Caruso,1610612741,CHI,49,1191,92,208,0.442,40,105,0.381,46,58,0.793,30,124,154,158,82,32,64,122,270,504,2.47,1.28
266,1629052,266,Oshae Brissett,1610612754,IND,49,786,85,219,0.388,39,117,0.333,61,88,0.693,44,122,166,26,28,8,21,64,270,316,1.24,1.33
267,1628963,268,Marvin Bagley III,1610612765,DET,25,532,108,201,0.537,9,33,0.273,40,52,0.769,52,96,148,14,13,18,22,51,265,331,0.64,0.59
268,203914,269,Gary Harris,1610612753,ORL,30,735,91,187,0.487,55,119,0.462,23,26,0.885,13,51,64,36,27,5,21,62,260,272,1.71,1.29
269,1629660,270,Ty Jerome,1610612744,GSW,36,642,99,193,0.513,29,71,0.408,32,35,0.914,5,54,59,105,17,5,23,52,259,325,4.57,0.74
270,203933,271,T.J. Warren,1610612756,PHX,28,505,105,205,0.512,17,49,0.347,27,33,0.818,14,63,77,29,16,7,17,46,254,260,1.71,0.94
271,1630692,272,Jordan Goodwin,1610612764,WAS,40,721,97,214,0.453,26,67,0.388,33,44,0.75,35,95,130,98,41,21,36,67,253,379,2.72,1.14
272,203210,273,JaMychal Green,1610612744,GSW,38,558,95,176,0.54,26,73,0.356,34,45,0.756,52,97,149,36,18,13,42,77,250,332,0.86,0.43
273,1628427,274,Vlatko Cancar,1610612743,DEN,44,705,93,185,0.503,38,90,0.422,25,26,0.962,20,85,105,67,17,11,30,72,249,326,2.23,0.57
274,1627884,275,Derrick Jones Jr.,1610612741,CHI,46,698,88,173,0.509,18,54,0.333,54,68,0.794,47,74,121,28,22,30,20,69,248,330,1.4,1.1
275,203085,276,Austin Rivers,1610612750,MIN,46,956,88,193,0.456,41,114,0.36,30,35,0.857,4,75,79,70,28,3,22,77,247,295,3.18,1.27
276,1630613,277,Duane Washington Jr.,1610612756,PHX,31,394,94,256,0.367,40,111,0.36,16,24,0.667,2,34,36,63,6,4,34,23,244,149,1.85,0.18
277,1628995,278,Kevin Knox II,1610612757,POR,44,607,85,182,0.467,43,118,0.364,28,35,0.8,22,89,111,15,14,12,32,77,241,257,0.47,0.44
278,1630595,279,Cade Cunningham,1610612765,DET,12,400,93,224,0.415,17,61,0.279,36,43,0.837,12,62,74,72,10,7,39,34,239,225,1.85,0.26
279,1631128,280,Christian Braun,1610612743,DEN,54,834,96,194,0.495,23,62,0.371,22,37,0.595,37,91,128,42,26,11,24,68,237,307,1.75,1.08
280,1629641,280,Romeo Langford,1610612759,SAS,32,646,100,204,0.49,13,46,0.283,24,37,0.649,46,46,92,43,16,11,22,55,237,260,1.96,0.73
281,1629670,282,Jordan Nwora,1610612754,IND,40,623,79,209,0.378,41,107,0.383,37,43,0.86,29,94,123,39,14,7,35,34,236,248,1.11,0.4
282,203114,283,Khris Middleton,1610612749,MIL,17,364,83,197,0.421,24,83,0.289,41,44,0.932,10,55,65,67,11,3,34,36,231,226,1.97,0.32
283,201152,283,Thaddeus Young,1610612761,TOR,47,754,104,185,0.562,5,31,0.161,18,26,0.692,67,89,156,70,53,5,38,85,231,388,1.84,1.4
284,1630570,283,Trendon Watford,1610612757,POR,42,680,85,151,0.563,16,33,0.485,45,61,0.738,27,113,140,69,15,6,40,78,231,339,1.73,0.38
285,1630526,286,Jeremiah Robinson-Earl,1610612760,OKC,28,585,88,183,0.481,29,80,0.363,25,32,0.781,53,82,135,25,21,11,16,52,230,304,1.56,1.31
286,1629638,286,Nickeil Alexander-Walker,1610612750,MIN,38,534,84,172,0.488,35,87,0.402,27,39,0.692,8,52,60,76,24,14,46,58,230,258,1.65,0.52
287,203967,288,Dario Saric,1610612760,OKC,38,547,80,184,0.435,28,72,0.389,39,47,0.83,40,107,147,57,14,5,38,72,227,300,1.5,0.37
288,1630192,289,Zeke Nnaji,1610612743,DEN,44,584,87,152,0.572,13,45,0.289,36,54,0.667,56,46,102,11,15,19,20,81,223,267,0.55,0.75
289,1629002,290,Chimezie Metu,1610612758,SAC,44,476,91,150,0.607,8,31,0.258,30,37,0.811,32,100,132,31,12,14,26,57,220,317,1.19,0.46
290,1631109,290,Mark Williams,1610612766,CHA,29,461,87,138,0.63,0,0,0.0,46,63,0.73,49,113,162,8,21,34,22,61,220,355,0.36,0.95
291,1629642,290,Nassir Little,1610612757,POR,37,620,81,174,0.466,38,96,0.396,20,32,0.625,18,72,90,34,11,12,21,38,220,241,1.62,0.52
292,1630699,293,MarJon Beauchamp,1610612749,MIL,38,563,80,201,0.398,38,118,0.322,21,29,0.724,34,56,90,26,18,4,36,59,219,192,0.72,0.5
293,1630205,294,Lamar Stevens,1610612739,CLE,42,739,87,190,0.458,19,63,0.302,25,36,0.694,23,101,124,21,15,14,20,53,218,258,1.05,0.75
294,1626195,294,Willy Hernangomez,1610612740,NOP,29,372,75,140,0.536,1,9,0.111,67,85,0.788,50,96,146,27,9,12,31,51,218,298,0.87,0.29
295,1629726,296,Garrison Mathews,1610612737,ATL,46,606,61,171,0.357,54,156,0.346,41,45,0.911,10,53,63,23,23,4,18,56,217,198,1.28,1.28
296,1630541,297,Moses Moody,1610612744,GSW,44,627,76,172,0.442,37,107,0.346,27,39,0.692,20,53,73,40,15,5,27,37,216,214,1.48,0.56
297,200752,298,Rudy Gay,1610612762,UTA,44,645,80,210,0.381,23,96,0.24,30,35,0.857,28,101,129,42,16,13,28,53,213,250,1.5,0.57
298,1628988,299,Aaron Holiday,1610612737,ATL,50,725,78,187,0.417,31,75,0.413,24,28,0.857,21,45,66,65,27,10,29,68,211,237,2.24,0.93
299,201988,300,Patty Mills,1610612751,BKN,36,479,73,177,0.412,42,114,0.368,19,21,0.905,7,28,35,48,13,2,22,27,207,177,2.18,0.59
300,1629312,301,Haywood Highsmith,1610612748,MIA,43,847,80,187,0.428,35,98,0.357,11,24,0.458,46,115,161,30,33,15,35,70,206,290,0.86,0.94
301,1630202,301,Payton Pritchard,1610612738,BOS,42,537,78,193,0.404,41,120,0.342,9,13,0.692,21,41,62,45,14,1,30,34,206,179,1.5,0.47
302,1629629,303,Cam Reddish,1610612757,POR,23,507,74,163,0.454,24,73,0.329,30,34,0.882,8,29,37,25,18,9,16,39,202,182,1.56,1.13
303,1630587,303,Isaiah Livers,1610612765,DET,37,782,67,168,0.399,46,129,0.357,22,28,0.786,19,69,88,23,19,20,22,72,202,223,1.04,0.86
304,1630702,303,Jaden Hardy,1610612742,DAL,31,367,68,161,0.422,24,71,0.338,42,48,0.875,2,41,43,25,9,3,26,41,202,157,0.96,0.35
305,1628436,303,Luke Kornet,1610612738,BOS,51,605,85,122,0.697,3,9,0.333,29,34,0.853,64,84,148,36,10,40,19,69,202,375,1.9,0.53
306,1629130,307,Duncan Robinson,1610612748,MIA,29,524,66,181,0.365,48,146,0.329,20,22,0.909,8,49,57,35,9,0,19,60,200,165,1.84,0.47
307,1630201,307,Malachi Flynn,1610612761,TOR,42,582,72,197,0.365,41,110,0.373,15,20,0.75,15,49,64,63,17,3,18,55,200,199,3.5,0.94
308,1630177,307,Theo Maledon,1610612766,CHA,36,581,65,157,0.414,21,63,0.333,49,56,0.875,9,77,86,86,27,6,35,37,200,271,2.46,0.77
309,203496,310,Robert Covington,1610612746,LAC,36,584,69,170,0.406,35,105,0.333,25,34,0.735,25,108,133,46,25,28,23,68,198,297,2.0,1.09
310,1629647,311,Darius Bazley,1610612756,PHX,36,555,71,158,0.449,18,45,0.4,36,65,0.554,29,93,122,32,19,29,22,35,196,260,1.46,0.86
311,1626159,311,Justise Winslow,1610612757,POR,29,776,81,198,0.409,14,45,0.311,20,28,0.714,49,96,145,98,30,11,43,89,196,312,2.28,0.7
312,1630214,313,Xavier Tillman,1610612763,MEM,38,560,82,135,0.607,3,10,0.3,27,54,0.5,67,78,145,41,29,14,20,45,194,323,2.05,1.45
313,1629057,314,Robert Williams III,1610612738,BOS,23,543,88,119,0.739,0,1,0.0,15,23,0.652,73,132,205,38,12,26,22,41,191,411,1.73,0.55
314,200782,315,P.J. Tucker,1610612755,PHI,55,1415,68,158,0.43,37,92,0.402,16,18,0.889,70,143,213,44,26,13,36,134,189,357,1.22,0.72
315,202709,316,Cory Joseph,1610612765,DET,40,633,67,172,0.39,25,79,0.316,28,37,0.757,10,42,52,132,17,5,30,58,187,249,4.4,0.57
316,1630528,317,Josh Christopher,1610612745,HOU,40,406,74,161,0.46,10,42,0.238,27,37,0.73,11,33,44,38,16,9,38,32,185,157,1.0,0.42
317,1626153,318,Delon Wright,1610612764,WAS,29,653,66,150,0.44,20,65,0.308,28,31,0.903,30,63,93,107,58,8,28,40,180,331,3.82,2.07
318,1630688,319,Ish Wainright,1610612756,PHX,42,653,61,159,0.384,40,118,0.339,17,21,0.81,35,55,90,43,35,13,19,87,179,239,2.26,1.84
319,1630700,320,Dyson Daniels,1610612740,NOP,39,778,69,155,0.445,20,60,0.333,18,29,0.621,28,110,138,96,34,10,43,75,176,314,2.23,0.79
320,201588,321,George Hill,1610612754,IND,36,677,59,132,0.447,23,74,0.311,34,46,0.739,13,54,67,89,20,3,27,41,175,242,3.3,0.74
321,202687,322,Bismack Biyombo,1610612756,PHX,46,642,79,138,0.572,0,0,0.0,16,51,0.314,51,136,187,43,15,59,43,84,174,341,1.0,0.35
322,1626169,322,Stanley Johnson,1610612759,SAS,30,470,65,122,0.533,18,40,0.45,26,39,0.667,22,73,95,67,16,6,33,48,174,255,2.03,0.48
323,1629676,324,Isaiah Roby,1610612759,SAS,42,474,67,155,0.432,18,60,0.3,20,41,0.488,21,86,107,38,18,7,31,53,172,202,1.23,0.58
324,1630579,324,Jericho Sims,1610612752,NYK,47,767,80,104,0.769,0,1,0.0,12,16,0.75,93,137,230,24,15,27,24,91,172,416,1.0,0.63
325,203473,326,Dewayne Dedmon,1610612755,PHI,30,350,64,129,0.496,11,37,0.297,32,44,0.727,28,81,109,16,7,14,19,61,171,221,0.84,0.37
326,1629731,327,Dean Wade,1610612739,CLE,31,671,59,132,0.447,36,93,0.387,15,23,0.652,16,100,116,28,21,15,13,70,169,255,2.15,1.61
327,1630534,327,Ochai Agbaji,1610612762,UTA,37,557,64,130,0.492,31,78,0.397,10,16,0.625,24,38,62,18,5,4,11,52,169,175,1.64,0.46
328,201599,329,DeAndre Jordan,1610612743,DEN,34,498,74,96,0.771,1,1,1.0,18,41,0.439,41,126,167,31,8,22,42,65,167,308,0.74,0.19
329,1630533,329,Ziaire Williams,1610612763,MEM,28,486,67,159,0.421,20,81,0.247,13,17,0.765,11,58,69,24,12,5,29,51,167,152,0.83,0.41
330,1629750,331,Javonte Green,1610612741,CHI,28,449,61,104,0.587,13,34,0.382,29,43,0.674,25,57,82,23,22,20,20,47,164,234,1.15,1.1
331,1629637,331,Jaxson Hayes,1610612740,NOP,33,438,60,113,0.531,3,25,0.12,41,61,0.672,31,66,97,24,13,11,20,44,164,216,1.2,0.65
332,1627863,333,Danuel House Jr.,1610612755,PHI,37,546,55,120,0.458,24,72,0.333,28,40,0.7,8,57,65,25,8,7,16,44,162,174,1.56,0.5
333,1630540,333,Miles McBride,1610612752,NYK,47,592,55,163,0.337,30,104,0.288,22,32,0.688,10,30,40,56,26,2,21,45,162,147,2.67,1.24
334,1630586,333,Usman Garuba,1610612745,HOU,51,693,64,121,0.529,15,32,0.469,19,36,0.528,86,144,230,48,36,23,34,87,162,391,1.41,1.06
335,1629599,336,Amir Coffey,1610612746,LAC,40,570,53,136,0.39,10,37,0.27,45,55,0.818,16,35,51,49,7,3,17,48,161,161,2.88,0.41
336,1631132,337,Christian Koloko,1610612761,TOR,45,658,61,125,0.488,1,9,0.111,35,53,0.66,70,76,146,22,13,48,18,110,158,287,1.22,0.72
337,203095,338,Evan Fournier,1610612752,NYK,23,414,53,151,0.351,33,102,0.324,18,21,0.857,4,41,45,35,14,3,19,43,157,134,1.84,0.74
338,1630164,339,James Wiseman,1610612765,DET,22,286,64,103,0.621,1,3,0.333,27,40,0.675,20,58,78,14,3,7,14,40,156,192,1.0,0.21
339,204060,340,Joe Ingles,1610612749,MIL,25,563,53,140,0.379,38,111,0.342,11,13,0.846,8,64,72,81,14,3,29,40,155,207,2.79,0.48
340,1629650,340,Moses Brown,1610612746,LAC,34,288,61,96,0.635,0,0,0.0,33,72,0.458,57,82,139,4,3,14,14,38,155,227,0.29,0.21
341,1630256,342,Jae'Sean Tate,1610612745,HOU,20,420,61,135,0.452,8,26,0.308,24,37,0.649,32,45,77,51,11,4,33,65,154,177,1.54,0.33
342,201565,343,Derrick Rose,1610612752,NYK,26,336,61,155,0.394,19,60,0.317,11,12,0.917,8,32,40,46,7,5,22,18,152,133,2.09,0.32
343,1630568,343,Luka Garza,1610612750,MIN,22,205,53,101,0.525,13,36,0.361,33,43,0.767,27,26,53,14,2,1,9,33,152,155,1.56,0.22
344,1630227,345,Daishen Nix,1610612745,HOU,41,636,50,145,0.345,29,94,0.309,22,31,0.71,12,59,71,104,26,6,58,40,151,196,1.79,0.45
345,1630181,346,R.J. Hampton,1610612753,ORL,26,361,50,114,0.439,18,53,0.34,31,37,0.838,9,30,39,34,16,4,21,22,149,151,1.62,0.76
346,201580,347,JaVale McGee,1610612742,DAL,36,293,64,106,0.604,1,4,0.25,18,32,0.563,28,65,93,10,4,21,31,43,147,188,0.32,0.13
347,1629680,348,Matisse Thybulle,1610612757,POR,51,648,56,129,0.434,25,72,0.347,9,12,0.75,21,49,70,26,50,17,10,71,146,223,2.6,5.0
348,1631216,349,Caleb Houstan,1610612753,ORL,34,549,50,122,0.41,33,85,0.388,11,13,0.846,24,52,76,18,7,3,12,49,144,162,1.5,0.58
349,1630527,350,Brandon Boston Jr.,1610612746,LAC,21,247,51,121,0.421,12,29,0.414,29,38,0.763,7,22,29,19,9,0,12,21,143,109,1.58,0.75
350,202722,351,Davis Bertans,1610612742,DAL,34,360,47,111,0.423,37,97,0.381,10,12,0.833,6,26,32,12,7,3,9,39,141,120,1.33,0.78
351,1628467,352,Maxi Kleber,1610612742,DAL,22,564,51,104,0.49,24,65,0.369,11,14,0.786,19,59,78,21,7,22,13,48,137,196,1.61,0.54
352,1630194,353,Paul Reed,1610612755,PHI,44,422,60,103,0.583,0,4,0.0,16,22,0.727,54,87,141,14,29,28,26,82,136,273,0.54,1.11
353,1631119,354,Jaylin Williams,1610612760,OKC,25,393,50,107,0.467,18,40,0.45,14,21,0.667,21,93,114,35,10,4,16,47,132,215,2.19,0.63
354,1628981,355,Bruno Fernando,1610612737,ATL,32,368,50,96,0.521,0,1,0.0,30,44,0.682,49,74,123,30,6,31,21,68,130,239,1.43,0.29
355,201959,355,Taj Gibson,1610612764,WAS,36,353,52,95,0.547,4,16,0.25,22,32,0.688,26,44,70,27,13,10,19,67,130,178,1.42,0.68
356,1630264,357,Anthony Gill,1610612764,WAS,41,411,51,84,0.607,3,19,0.158,24,29,0.828,22,35,57,20,5,8,9,48,129,172,2.22,0.56
357,201933,358,Blake Griffin,1610612738,BOS,26,375,47,92,0.511,19,47,0.404,15,24,0.625,24,65,89,33,8,5,13,50,128,196,2.54,0.61
358,1630549,358,Day'Ron Sharpe,1610612751,BKN,32,327,54,100,0.54,4,6,0.667,16,27,0.593,53,70,123,23,5,16,27,60,128,211,0.85,0.18
359,1630233,360,Nathan Knight,1610612750,MIN,33,268,42,74,0.568,8,21,0.381,35,51,0.686,20,30,50,13,9,5,18,35,127,138,0.72,0.5
360,203200,361,Justin Holiday,1610612742,DAL,28,411,48,125,0.384,30,87,0.345,0,0,0.0,2,21,23,25,5,10,12,37,126,100,2.08,0.42
361,1631108,361,Max Christie,1610612747,LAL,35,498,43,103,0.417,26,62,0.419,14,16,0.875,7,67,74,19,8,7,13,32,126,159,1.46,0.61
362,202083,361,Wesley Matthews,1610612749,MIL,39,608,39,118,0.331,31,95,0.326,17,20,0.85,30,57,87,20,17,10,15,55,126,163,1.33,1.13
363,1629678,364,Admiral Schofield,1610612753,ORL,27,350,44,92,0.478,18,54,0.333,17,19,0.895,19,33,52,23,6,3,6,52,123,151,3.83,1.0
364,1629646,365,Charles Bassey,1610612759,SAS,26,354,51,83,0.614,2,6,0.333,18,28,0.643,55,89,144,32,9,24,30,53,122,259,1.07,0.3
365,1627823,365,Juancho Hernangomez,1610612761,TOR,41,609,48,113,0.425,17,66,0.258,9,16,0.563,27,95,122,24,16,6,15,43,122,203,1.6,1.07
366,1630346,365,Matt Ryan,1610612750,MIN,32,303,40,107,0.374,32,83,0.386,10,12,0.833,4,21,25,15,5,1,7,27,122,92,2.14,0.71
367,1631260,368,AJ Green,1610612749,MIL,26,244,42,92,0.457,33,77,0.429,4,4,1.0,4,24,28,12,5,0,7,24,121,109,1.71,0.71
368,1630550,368,JT Thor,1610612766,CHA,47,506,44,118,0.373,15,60,0.25,18,29,0.621,25,57,82,18,11,11,22,36,121,136,0.82,0.5
369,1630625,370,Dalano Banton,1610612761,TOR,26,246,46,111,0.414,13,46,0.283,15,19,0.789,9,26,35,29,12,12,15,30,120,124,1.93,0.8
370,203526,370,Raul Neto,1610612739,CLE,39,403,43,84,0.512,11,35,0.314,23,25,0.92,6,30,36,54,16,3,14,34,120,172,3.86,1.14
371,1630240,372,Saben Lee,1610612756,PHX,20,294,37,84,0.44,7,19,0.368,34,45,0.756,10,26,36,54,15,1,23,27,115,140,2.35,0.65
372,1630553,373,Keon Johnson,1610612757,POR,28,274,43,119,0.361,19,56,0.339,9,17,0.529,7,27,34,26,12,4,27,30,114,79,0.96,0.44
373,1630647,374,Eugene Omoruyi,1610612760,OKC,23,272,44,94,0.468,8,31,0.258,17,28,0.607,22,30,52,11,14,0,16,46,113,113,0.69,0.88
374,1631115,374,Orlando Robinson,1610612748,MIA,29,397,46,86,0.535,0,5,0.0,21,29,0.724,44,74,118,21,12,12,15,52,113,213,1.4,0.8
375,1631323,374,Simone Fontecchio,1610612762,UTA,31,299,39,108,0.361,24,75,0.32,11,16,0.688,15,20,35,16,4,6,18,29,113,82,0.89,0.22
376,1630547,377,James Bouknight,1610612766,CHA,26,354,40,122,0.328,16,64,0.25,15,22,0.682,5,46,51,28,13,4,19,29,111,99,1.47,0.68
377,1626158,378,Richaun Holmes,1610612758,SAC,33,301,47,69,0.681,3,4,0.75,12,15,0.8,24,47,71,5,3,11,12,45,109,162,0.42,0.25
378,1631121,379,Bryce McGowens,1610612766,CHA,26,382,36,95,0.379,12,33,0.364,22,28,0.786,9,35,44,27,7,4,15,21,106,108,1.8,0.47
379,1631133,379,Jabari Walker,1610612757,POR,38,335,40,89,0.449,5,23,0.217,21,29,0.724,32,48,80,20,4,6,14,38,106,145,1.43,0.29
380,1629643,381,Chuma Okeke,1610612753,ORL,19,404,32,88,0.364,18,61,0.295,16,21,0.762,21,57,78,26,11,9,10,34,98,151,2.6,1.1
381,1630284,382,Kevon Harris,1610612753,ORL,27,336,32,77,0.416,11,28,0.393,22,27,0.815,23,30,53,12,13,3,16,36,97,112,0.75,0.81
382,1630322,382,Lindy Waters III,1610612760,OKC,23,257,32,83,0.386,28,77,0.364,5,7,0.714,7,28,35,16,7,6,6,21,97,102,2.67,1.17
383,1631222,384,Jake LaRavia,1610612763,MEM,30,381,34,86,0.395,21,62,0.339,7,9,0.778,16,43,59,21,12,4,18,47,96,120,1.17,0.67
384,202693,384,Markieff Morris,1610612742,DAL,27,285,33,82,0.402,20,49,0.408,10,10,1.0,13,46,59,25,8,5,14,33,96,130,1.79,0.57
385,1627788,386,Furkan Korkmaz,1610612755,PHI,25,255,32,78,0.41,12,35,0.343,19,29,0.655,6,23,29,18,6,3,15,10,95,80,1.2,0.4
386,1631102,386,TyTy Washington Jr.,1610612745,HOU,23,292,40,111,0.36,9,50,0.18,6,11,0.545,2,29,31,33,9,1,9,26,95,84,3.67,1.0
387,1628373,388,Frank Ntilikina,1610612742,DAL,36,432,34,97,0.351,11,52,0.212,12,18,0.667,5,41,46,40,8,4,24,49,91,96,1.67,0.33
388,1627854,389,Bryn Forbes,1610612750,MIN,25,268,30,83,0.361,14,46,0.304,15,15,1.0,4,11,15,17,7,2,12,22,89,65,1.42,0.58
389,1629308,390,Juan Toscano-Anderson,1610612762,UTA,31,390,36,71,0.507,5,22,0.227,11,15,0.733,15,56,71,26,11,7,18,47,88,146,1.44,0.61
390,1628432,391,Davon Reed,1610612747,LAL,37,326,27,82,0.329,17,45,0.378,15,20,0.75,10,47,57,20,13,4,20,36,86,100,1.0,0.65
391,201577,391,Robin Lopez,1610612739,CLE,30,238,36,56,0.643,2,3,0.667,12,16,0.75,19,21,40,13,1,4,20,33,86,100,0.65,0.05
392,202397,393,Ish Smith,1610612743,DEN,30,311,41,98,0.418,2,6,0.333,1,2,0.5,4,38,42,73,6,6,35,27,85,119,2.09,0.17
393,1629162,394,Jordan McLaughlin,1610612750,MIN,24,367,33,81,0.407,9,41,0.22,9,9,1.0,13,25,38,76,19,2,19,11,84,152,4.0,1.0
394,1631107,395,Nikola Jovic,1610612748,MIA,15,204,28,69,0.406,8,35,0.229,18,19,0.947,9,22,31,10,7,2,10,19,82,80,1.0,0.7
395,1631116,396,Patrick Baldwin Jr.,1610612744,GSW,16,129,27,62,0.435,22,49,0.449,4,6,0.667,0,21,21,3,6,1,7,7,80,67,0.43,0.86
396,201937,396,Ricky Rubio,1610612739,CLE,14,235,26,79,0.329,13,46,0.283,15,20,0.75,3,32,35,53,15,2,10,20,80,117,5.3,1.5
397,1631172,398,Ousmane Dieng,1610612760,OKC,19,284,32,77,0.416,13,45,0.289,2,5,0.4,8,41,49,26,5,6,12,22,79,105,2.17,0.42
398,1630184,399,Kira Lewis Jr.,1610612740,NOP,14,155,28,59,0.475,8,20,0.4,12,13,0.923,4,24,28,15,4,1,8,16,76,84,1.88,0.5
399,1626163,400,Frank Kaminsky,1610612745,HOU,28,196,26,50,0.52,11,26,0.423,12,14,0.857,4,36,40,27,5,3,9,22,75,115,3.0,0.56
400,1630539,401,Kai Jones,1610612766,CHA,27,237,31,59,0.525,3,11,0.273,8,12,0.667,20,32,52,5,5,11,9,30,73,105,0.56,0.56
401,202689,402,Kemba Walker,1610612742,DAL,9,144,24,57,0.421,7,28,0.25,17,21,0.81,3,13,16,19,2,2,4,11,72,70,4.75,0.5
402,1629048,403,Goga Bitadze,1610612753,ORL,21,202,27,52,0.519,4,14,0.286,11,24,0.458,25,24,49,18,9,10,12,34,69,105,1.5,0.75
403,1630678,403,Terry Taylor,1610612741,CHI,26,228,30,65,0.462,4,18,0.222,5,7,0.714,22,17,39,10,3,5,9,24,69,80,1.11,0.33
404,203585,405,Rodney McGruder,1610612765,DET,21,217,22,57,0.386,16,41,0.39,8,11,0.727,11,17,28,14,5,0,7,15,68,70,2.0,0.71
405,201586,406,Serge Ibaka,1610612749,MIL,16,185,26,54,0.481,6,18,0.333,8,13,0.615,15,29,44,4,2,7,11,23,66,79,0.36,0.18
406,203476,407,Gorgui Dieng,1610612759,SAS,19,193,24,60,0.4,12,41,0.293,5,6,0.833,18,35,53,28,2,7,16,28,65,102,1.75,0.13
407,1631288,408,Jamal Cain,1610612748,MIA,13,181,25,48,0.521,2,11,0.182,12,16,0.75,12,26,38,8,8,0,4,15,64,87,2.0,2.0
408,1629033,408,Theo Pinson,1610612742,DAL,32,232,20,59,0.339,15,42,0.357,9,11,0.818,8,29,37,28,3,1,9,24,64,83,3.11,0.33
409,1631104,410,Blake Wesley,1610612759,SAS,15,196,25,66,0.379,7,19,0.368,6,11,0.545,2,18,20,20,5,1,20,28,63,43,1.0,0.25
410,1627745,411,Damian Jones,1610612762,UTA,23,184,23,41,0.561,0,3,0.0,16,22,0.727,18,39,57,4,3,14,9,20,62,107,0.44,0.33
411,1627780,412,Gary Payton II,1610612744,GSW,15,255,24,41,0.585,9,17,0.529,4,4,1.0,10,29,39,22,16,1,12,29,61,110,1.83,1.33
412,1631113,413,Kennedy Chandler,1610612763,MEM,24,221,26,66,0.394,2,14,0.143,5,11,0.455,6,24,30,46,10,5,16,13,59,88,2.88,0.63
413,1630593,414,McKinley Wright IV,1610612742,DAL,20,206,23,49,0.469,4,14,0.286,7,11,0.636,6,20,26,37,7,3,12,18,57,88,3.08,0.58
414,1630572,414,Sandro Mamukelashvili,1610612749,MIL,24,217,19,58,0.328,7,32,0.219,12,18,0.667,18,38,56,16,4,5,9,19,57,84,1.78,0.44
415,1626246,416,Boban Marjanovic,1610612745,HOU,19,83,21,32,0.656,0,1,0.0,14,17,0.824,9,20,29,4,1,1,5,3,56,72,0.8,0.2
416,1631217,417,Moussa Diabate,1610612746,LAC,17,171,21,40,0.525,1,2,0.5,10,16,0.625,29,16,45,3,5,6,9,13,53,78,0.33,0.56
417,1630235,418,Trent Forrest,1610612737,ATL,18,239,24,50,0.48,0,2,0.0,2,3,0.667,5,24,29,31,6,2,10,16,50,81,3.1,0.6
418,1630561,419,David Duke Jr.,1610612751,BKN,16,141,21,48,0.438,0,6,0.0,4,8,0.5,6,9,15,12,6,1,13,25,46,36,0.92,0.46
419,1629644,419,KZ Okpala,1610612758,SAC,35,248,16,38,0.421,7,21,0.333,7,8,0.875,7,27,34,13,7,7,7,39,46,77,1.86,1.0
420,1628371,421,Jonathan Isaac,1610612753,ORL,10,108,18,47,0.383,4,12,0.333,5,9,0.556,14,23,37,5,12,3,2,4,45,67,2.5,6.0
421,1629633,422,Jarrett Culver,1610612737,ATL,10,137,17,43,0.395,1,12,0.083,9,13,0.692,10,28,38,6,6,2,7,14,44,59,0.86,0.86
422,203490,422,Otto Porter Jr.,1610612761,TOR,8,146,15,30,0.5,6,17,0.353,8,8,1.0,6,13,19,8,11,0,4,7,44,63,2.0,2.75
423,1628962,422,Udoka Azubuike,1610612762,UTA,24,137,21,24,0.875,0,0,0.0,2,6,0.333,13,37,50,6,3,6,10,12,44,92,0.6,0.3
424,203920,425,Khem Birch,1610612759,SAS,20,162,19,32,0.594,1,2,0.5,4,5,0.8,8,17,25,7,5,5,8,24,43,63,0.88,0.63
425,202066,426,Garrett Temple,1610612740,NOP,18,129,15,35,0.429,9,21,0.429,3,4,0.75,2,9,11,10,9,1,3,14,42,49,3.33,3.0
426,1628464,427,Daniel Theis,1610612754,IND,6,93,18,37,0.486,1,8,0.125,4,10,0.4,4,13,17,6,1,4,2,6,41,42,3.0,0.5
427,1630554,427,Jason Preston,1610612746,LAC,13,122,18,41,0.439,5,18,0.278,0,2,0.0,2,20,22,27,2,0,10,7,41,57,2.7,0.2
428,1631111,429,Wendell Moore Jr.,1610612750,MIN,24,139,15,37,0.405,2,16,0.125,4,5,0.8,2,14,16,16,6,5,8,13,36,48,2.0,0.75
429,1628998,430,Cody Martin,1610612766,CHA,7,134,14,36,0.389,3,14,0.214,4,7,0.571,8,16,24,11,4,1,2,13,35,48,5.5,2.0
430,1631207,430,Dalen Terry,1610612741,CHI,23,115,15,37,0.405,2,12,0.167,3,6,0.5,7,10,17,14,4,4,6,9,35,43,2.33,0.67
431,1631230,430,Dominick Barlow,1610612759,SAS,10,95,13,25,0.52,0,4,0.0,9,10,0.9,13,10,23,7,2,2,6,18,35,50,1.17,0.33
432,1631169,430,Josh Minott,1610612750,MIN,11,68,14,27,0.519,1,4,0.25,6,6,1.0,5,17,22,3,3,6,0,7,35,56,0.0,0.0
433,1630639,434,A.J. Lawson,1610612742,DAL,13,63,13,26,0.5,7,16,0.438,1,3,0.333,2,8,10,1,1,0,1,8,34,30,1.0,1.0
434,203521,435,Matthew Dellavedova,1610612758,SAC,24,146,12,32,0.375,6,15,0.4,3,5,0.6,1,7,8,33,6,0,8,14,33,50,4.13,0.75
435,1629004,435,Svi Mykhailiuk,1610612766,CHA,14,65,11,24,0.458,8,16,0.5,3,6,0.5,1,8,9,1,1,0,3,2,33,25,0.33,0.33
436,203457,437,Nerlens Noel,1610612765,DET,14,152,12,30,0.4,1,2,0.5,7,10,0.7,7,30,37,7,13,9,8,25,32,69,0.88,1.63
437,1630535,438,Greg Brown III,1610612757,POR,16,93,11,28,0.393,1,7,0.143,5,12,0.417,2,17,19,3,4,5,6,13,28,29,0.5,0.67
438,1630288,438,Jeff Dowtin Jr.,1610612761,TOR,15,102,12,27,0.444,1,6,0.167,3,3,1.0,5,9,14,12,3,1,3,5,28,40,4.0,1.0
439,1631160,438,Jordan Hall,1610612759,SAS,9,83,9,28,0.321,3,15,0.2,7,9,0.778,3,9,12,11,1,0,7,6,28,24,1.57,0.14
440,1630563,438,Joshua Primo,1610612759,SAS,4,93,9,26,0.346,3,12,0.25,7,9,0.778,2,11,13,18,1,2,11,8,28,32,1.64,0.09
441,1630249,438,Vit Krejci,1610612737,ATL,21,120,11,29,0.379,5,18,0.278,1,2,0.5,2,12,14,12,3,1,4,11,28,35,3.0,0.75
442,201949,443,James Johnson,1610612754,IND,12,98,10,27,0.37,3,10,0.3,3,4,0.75,2,14,16,7,4,5,5,24,26,35,1.4,0.8
443,1629603,443,Mamadi Diakite,1610612739,CLE,16,99,11,26,0.423,4,15,0.267,0,0,0.0,3,9,12,2,2,6,6,13,26,27,0.33,0.33
444,203943,445,Noah Vonleh,1610612738,BOS,23,172,11,24,0.458,1,4,0.25,2,2,1.0,18,30,48,7,2,8,11,35,25,66,0.64,0.18
445,1631157,446,Ryan Rollins,1610612744,GSW,12,62,7,20,0.35,3,9,0.333,6,6,1.0,3,9,12,6,1,1,16,10,23,14,0.38,0.06
446,1630696,447,Dru Smith,1610612751,BKN,8,97,10,23,0.435,2,10,0.2,0,0,0.0,1,14,15,10,8,3,2,13,22,43,5.0,4.0
447,1630243,448,Trevelin Queen,1610612754,IND,7,70,7,29,0.241,2,15,0.133,5,5,1.0,8,9,17,6,2,5,7,4,21,22,0.86,0.29
448,1628382,449,Justin Jackson,1610612738,BOS,23,107,7,27,0.259,5,20,0.25,1,2,0.5,2,15,17,9,4,4,2,7,20,31,4.5,2.0
449,1631165,450,Keon Ellis,1610612758,SAC,9,36,6,10,0.6,5,8,0.625,2,3,0.667,3,4,7,3,2,1,1,6,19,26,3.0,2.0
450,1631212,450,Peyton Watson,1610612743,DEN,12,38,9,17,0.529,1,2,0.5,0,2,0.0,3,5,8,1,0,1,2,2,19,17,0.5,0.0
451,1628396,450,Tony Bradley,1610612741,CHI,12,33,6,12,0.5,3,5,0.6,4,4,1.0,1,10,11,1,1,1,1,2,19,26,1.0,1.0
452,1630531,453,Jaden Springer,1610612755,PHI,7,26,7,12,0.583,0,0,0.0,3,4,0.75,4,3,7,1,2,2,1,7,17,22,1.0,2.0
453,1631254,453,Kenneth Lofton Jr.,1610612763,MEM,8,31,7,18,0.389,0,3,0.0,3,5,0.6,1,4,5,4,0,0,2,5,17,11,2.0,0.0
454,1631098,455,Johnny Davis,1610612764,WAS,13,62,6,18,0.333,1,4,0.25,3,3,1.0,1,7,8,2,1,1,2,13,16,14,1.0,0.5
455,1630620,456,Darius Days,1610612745,HOU,3,23,5,11,0.455,3,9,0.333,2,2,1.0,1,5,6,1,0,1,0,2,15,17,0.0,0.0
456,1631123,456,Jamaree Bouyea,1610612748,MIA,4,65,6,13,0.462,2,5,0.4,1,2,0.5,1,4,5,4,4,2,4,5,15,18,1.0,1.0
457,1630556,456,Kessler Edwards,1610612758,SAC,15,90,6,25,0.24,2,13,0.154,1,2,0.5,6,9,15,4,3,1,4,3,15,14,1.0,0.75
458,1631213,456,Tyrese Martin,1610612737,ATL,13,45,6,16,0.375,1,5,0.2,2,2,1.0,2,4,6,0,1,0,1,2,15,11,0.0,1.0
459,1630590,460,Scotty Pippen Jr.,1610612747,LAL,6,32,4,12,0.333,1,3,0.333,5,9,0.556,2,2,4,2,2,1,2,3,14,9,1.0,1.0
460,203458,461,Alex Len,1610612758,SAC,13,46,5,10,0.5,0,1,0.0,3,4,0.75,4,11,15,5,0,0,4,9,13,23,1.25,0.0
461,201980,462,Danny Green,1610612739,CLE,4,55,4,15,0.267,4,11,0.364,0,0,0.0,1,4,5,2,2,0,3,6,12,7,0.67,0.67
462,1631298,462,Jack White,1610612743,DEN,14,43,5,14,0.357,1,6,0.167,1,1,1.0,3,4,7,0,1,2,1,6,12,12,0.0,1.0
463,1629674,462,Neemias Queta,1610612758,SAC,4,25,6,8,0.75,0,0,0.0,0,2,0.0,4,5,9,1,0,1,1,7,12,18,1.0,0.0
464,203648,462,Thanasis Antetokounmpo,1610612749,MIL,25,102,4,19,0.211,0,4,0.0,4,8,0.5,8,17,25,4,2,3,7,12,12,20,0.57,0.29
465,1630267,466,Facundo Campazzo,1610612742,DAL,8,52,3,13,0.231,3,11,0.273,1,2,0.5,0,2,2,9,6,0,3,3,10,13,3.0,2.0
466,1631306,467,Cole Swider,1610612747,LAL,6,40,3,9,0.333,3,8,0.375,0,0,0.0,1,6,7,4,0,0,0,3,9,14,0.0,0.0
467,1630600,467,Isaiah Mobley,1610612739,CLE,8,26,4,8,0.5,1,2,0.5,0,0,0.0,1,10,11,0,1,0,0,2,9,17,0.0,0.0
468,1630580,467,Joe Wieskamp,1610612761,TOR,2,17,3,5,0.6,3,4,0.75,0,0,0.0,0,0,0,1,0,0,1,0,9,7,1.0,0.0
469,1631112,467,Kendall Brown,1610612754,IND,6,40,4,7,0.571,0,1,0.0,1,2,0.5,2,4,6,3,4,0,2,9,9,16,1.5,2.0
470,1631309,467,Trevor Hudgins,1610612745,HOU,4,27,2,9,0.222,2,8,0.25,3,3,1.0,0,0,0,3,0,0,1,1,9,4,3.0,0.0
471,1628416,467,Tyler Dorsey,1610612742,DAL,3,8,4,5,0.8,1,2,0.5,0,0,0.0,1,1,2,0,0,0,0,0,9,10,0.0,0.0
472,1631199,473,Ron Harper Jr.,1610612761,TOR,3,9,3,5,0.6,2,3,0.667,0,0,0.0,1,1,2,0,0,0,0,0,8,8,0.0,0.0
473,1628993,474,Alize Johnson,1610612759,SAS,4,30,3,6,0.5,0,2,0.0,1,2,0.5,2,8,10,1,1,0,4,3,7,11,0.25,0.25
474,2738,474,Andre Iguodala,1610612744,GSW,3,42,3,4,0.75,1,2,0.5,0,0,0.0,1,6,7,5,1,1,5,5,7,15,1.0,0.2
475,1631246,474,Vince Williams Jr.,1610612763,MEM,9,49,3,13,0.231,1,9,0.111,0,0,0.0,2,5,7,3,4,1,1,6,7,11,3.0,4.0
476,1630551,477,Justin Champagnie,1610612761,TOR,3,11,3,3,1.0,0,0,0.0,0,0,0.0,1,3,4,1,0,0,0,1,6,11,0.0,0.0
477,1630195,477,Leandro Bolmaro,1610612762,UTA,14,68,3,20,0.15,0,4,0.0,0,0,0.0,4,3,7,7,3,1,7,10,6,0,1.0,0.43
478,1630176,477,Vernon Carey Jr.,1610612764,WAS,11,28,2,8,0.25,0,0,0.0,2,2,1.0,3,8,11,3,2,2,2,5,6,16,1.5,1.0
479,1630792,480,Malcolm Hill,1610612741,CHI,5,9,2,4,0.5,1,3,0.333,0,0,0.0,0,3,3,0,0,0,0,1,5,6,0.0,0.0
480,1628408,480,PJ Dozier,1610612758,SAC,4,10,2,3,0.667,1,2,0.5,0,0,0.0,0,2,2,0,3,0,0,0,5,9,0.0,0.0
481,1631245,480,Quenton Jackson,1610612764,WAS,3,8,2,3,0.667,1,2,0.5,0,0,0.0,1,0,1,1,0,0,0,1,5,6,0.0,0.0
482,1630296,483,Braxton Key,1610612765,DET,3,9,1,1,1.0,0,0,0.0,2,2,1.0,0,1,1,0,0,0,0,0,4,5,0.0,0.0
483,1631220,483,Dereon Seabron,1610612740,NOP,5,12,2,5,0.4,0,0,0.0,0,0,0.0,1,0,1,0,0,0,0,1,4,2,0.0,0.0
484,1631120,483,JD Davison,1610612738,BOS,6,14,2,8,0.25,0,3,0.0,0,0,0.0,0,2,2,1,1,0,1,0,4,1,1.0,1.0
485,1630695,483,Micah Potter,1610612762,UTA,3,14,2,2,1.0,0,0,0.0,0,0,0.0,1,2,3,2,0,0,0,2,4,9,0.0,0.0
486,1630637,487,Carlik Jones,1610612741,CHI,2,23,1,5,0.2,0,1,0.0,1,4,0.25,1,2,3,2,0,0,1,1,3,0,2.0,0.0
487,1629653,487,Devon Dotson,1610612764,WAS,6,53,1,10,0.1,1,4,0.25,0,0,0.0,6,4,10,8,5,0,3,9,3,14,2.67,1.67
488,1630648,487,Jordan Schakel,1610612764,WAS,2,6,1,2,0.5,1,1,1.0,0,0,0.0,0,0,0,1,1,0,0,1,3,4,0.0,0.0
489,1627853,487,Ryan Arcidiacono,1610612757,POR,13,36,1,6,0.167,1,4,0.25,0,0,0.0,0,4,4,2,2,0,2,3,3,4,1.0,1.0
490,2617,487,Udonis Haslem,1610612748,MIA,6,47,1,12,0.083,0,2,0.0,1,2,0.5,4,4,8,0,1,1,0,8,3,1,0.0,0.0
491,1631320,492,Chima Moneke,1610612758,SAC,2,8,1,2,0.5,0,0,0.0,0,2,0.0,2,0,2,1,0,0,2,2,2,0,0.5,0.0
492,1629735,492,Chris Silva,1610612742,DAL,1,3,1,1,1.0,0,0,0.0,0,0,0.0,0,0,0,0,0,0,1,2,2,1,0.0,0.0
493,1630225,492,Isaiah Todd,1610612764,WAS,4,13,1,4,0.25,0,3,0.0,0,0,0.0,0,0,0,0,0,0,0,0,2,-1,0.0,0.0
494,1631197,492,Jared Rhoden,1610612765,DET,1,12,1,3,0.333,0,1,0.0,0,0,0.0,0,1,1,0,0,0,0,3,2,1,0.0,0.0
495,1631219,492,John Butler Jr.,1610612757,POR,8,26,1,4,0.25,0,3,0.0,0,0,0.0,1,1,2,1,0,2,0,2,2,4,0.0,0.0
496,1629662,492,Mfiondu Kabengele,1610612738,BOS,2,14,1,2,0.5,0,1,0.0,0,0,0.0,3,2,5,0,0,0,1,3,2,5,0.0,0.0
497,1630649,492,Stanley Umude,1610612765,DET,1,2,0,1,0.0,0,1,0.0,2,2,1.0,0,0,0,0,1,1,0,0,2,3,0.0,0.0
498,1631214,499,Alondes Williams,1610612751,BKN,1,5,0,0,0.0,0,0,0.0,0,0,0.0,0,1,1,0,0,0,2,1,0,-1,0.0,0.0
499,1631205,499,Buddy Boeheim,1610612765,DET,1,1,0,0,0.0,0,0,0.0,0,0,0.0,0,0,0,0,0,0,0,0,0,0,0.0,0.0
500,1629126,499,Deonte Burton,1610612758,SAC,2,7,0,2,0.0,0,1,0.0,0,0,0.0,0,0,0,0,0,0,0,0,0,-2,0.0,0.0
501,1630577,499,Julian Champagnie,1610612759,SAS,2,7,0,2,0.0,0,1,0.0,0,0,0.0,0,0,0,0,1,0,0,0,0,-1,0.0,0.0
502,1630250,499,Marko Simonovic,1610612741,CHI,3,5,0,1,0.0,0,1,0.0,0,0,0.0,0,0,0,0,0,0,0,1,0,-1,0.0,0.0
503,1630701,499,Michael Foster Jr.,1610612755,PHI,1,1,0,0,0.0,0,0,0.0,0,0,0.0,0,0,0,0,0,0,0,0,0,0,0.0,0.0
504,1628425,499,Sterling Brown,1610612747,LAL,4,24,0,4,0.0,0,2,0.0,0,0,0.0,3,5,8,2,3,0,0,4,0,9,0.0,0.0
505,1631211,499,Trevor Keels,1610612752,NYK,1,1,0,1,0.0,0,1,0.0,0,0,0.0,0,1,1,0,0,0,0,0,0,0,0.0,0.0
