,PLAYER_ID,full_name,SEASON_ID,LEAGUE_ID,TEAM_ID,TEAM_ABBREVIATION,PLAYER_AGE,GP,GS,MIN,FGM,FGA,FG_PCT,FG3M,FG3A,FG3_PCT,FTM,FTA,FT_PCT,OREB,DREB,REB,AST,STL,BLK,TOV,PF,PTS
0,1628418,Thomas Bryant,2017-18,00,1610612747,LAL,20.0,15,0,72.0,8,21,0.381,1,10,0.1,5,9,0.556,3,14,17,6,1,2,2,6,22
1,1628418,Thomas Bryant,2018-19,00,1610612764,WAS,21.0,72,53,1496.0,309,502,0.616,33,99,0.333,107,137,0.781,113,341,454,92,25,67,60,126,758
2,1628418,Thomas Bryant,2019-20,00,1610612764,WAS,22.0,46,36,1147.0,243,418,0.581,37,91,0.407,86,116,0.741,98,233,331,83,25,49,53,103,609
3,1628418,Thomas Bryant,2020-21,00,1610612764,WAS,23.0,10,10,271.0,59,91,0.648,9,21,0.429,16,24,0.667,18,43,61,15,4,8,11,31,143
4,1628418,Thomas Bryant,2021-22,00,1610612764,WAS,24.0,27,9,439.0,77,148,0.52,12,42,0.286,35,40,0.875,26,82,108,23,6,21,19,43,201
5,1628418,Thomas Bryant,2022-23,00,1610612747,LAL,25.0,15,3,244.0,57,83,0.687,6,14,0.429,28,41,0.683,20,49,69,11,4,9,8,25,148
0,203493,Reggie Bullock,2013-14,00,1610612746,LAC,23.0,43,0,396.0,43,121,0.355,22,73,0.301,7,9,0.778,11,43,54,12,9,1,13,26,115
1,203493,Reggie Bullock,2014-15,00,1610612746,LAC,24.0,25,2,263.0,23,54,0.426,15,39,0.385,4,5,0.8,0,40,40,6,9,2,6,17,65
2,203493,Reggie Bullock,2014-15,00,1610612756,PHX,24.0,11,0,75.0,1,16,0.063,0,7,0.0,2,4,0.5,1,9,10,2,1,2,2,2,4
3,203493,Reggie Bullock,2014-15,00,0,TOT,24.0,36,2,338.0,24,70,0.343,15,46,0.326,6,9,0.667,1,49,50,8,10,4,8,19,69
4,203493,Reggie Bullock,2015-16,00,1610612765,DET,25.0,37,0,429.0,43,98,0.439,22,53,0.415,14,15,0.933,14,54,68,27,10,2,8,29,122
5,203493,Reggie Bullock,2016-17,00,1610612765,DET,26.0,31,5,467.0,54,128,0.422,28,73,0.384,5,7,0.714,13,51,64,29,18,3,10,22,141
6,203493,Reggie Bullock,2017-18,00,1610612765,DET,27.0,62,52,1732.0,267,546,0.489,125,281,0.445,39,49,0.796,27,127,154,95,47,13,47,70,698
7,203493,Reggie Bullock,2018-19,00,1610612765,DET,28.0,44,44,1355.0,182,441,0.413,114,294,0.388,56,64,0.875,20,103,123,109,24,5,54,79,534
8,203493,Reggie Bullock,2018-19,00,1610612747,LAL,28.0,19,16,524.0,63,153,0.412,34,99,0.343,17,21,0.81,2,48,50,20,16,7,11,30,177
9,203493,Reggie Bullock,2018-19,00,0,TOT,28.0,63,60,1879.0,245,594,0.412,148,393,0.377,73,85,0.859,22,151,173,129,40,12,65,109,711
10,203493,Reggie Bullock,2019-20,00,1610612752,NYK,29.0,29,19,684.0,90,224,0.402,37,111,0.333,17,21,0.81,13,55,68,42,25,3,19,56,234
11,203493,Reggie Bullock,2020-21,00,1610612752,NYK,30.0,65,64,1949.0,248,561,0.442,163,398,0.41,50,55,0.909,16,207,223,99,52,11,45,146,709
12,203493,Reggie Bullock,2021-22,00,1610612742,DAL,31.0,68,37,1902.0,201,501,0.401,141,392,0.36,40,48,0.833,33,208,241,83,41,14,40,111,583
13,203493,Reggie Bullock,2022-23,00,1610612742,DAL,31.0,29,19,802.0,49,142,0.345,38,117,0.325,15,21,0.714,11,82,93,27,21,3,12,64,151
0,203504,Trey Burke,2013-14,00,1610612762,UTA,21.0,70,68,2262.0,341,897,0.38,111,336,0.33,102,113,0.903,37,171,208,396,42,6,131,145,895
1,203504,Trey Burke,2014-15,00,1610612762,UTA,22.0,76,43,2288.0,370,1005,0.368,124,390,0.318,109,145,0.752,31,173,204,328,65,15,124,119,973
2,203504,Trey Burke,2015-16,00,1610612762,UTA,23.0,64,0,1366.0,262,634,0.413,88,256,0.344,67,82,0.817,18,94,112,148,35,6,80,86,679
3,203504,Trey Burke,2016-17,00,1610612764,WAS,24.0,57,0,703.0,116,255,0.455,31,70,0.443,22,29,0.759,7,40,47,100,11,5,48,54,285
4,203504,Trey Burke,2017-18,00,1610612752,NYK,25.0,36,9,785.0,193,384,0.503,38,105,0.362,37,57,0.649,13,58,71,170,24,4,43,43,461
5,203504,Trey Burke,2018-19,00,1610612752,NYK,26.0,33,7,689.0,148,358,0.413,30,86,0.349,62,75,0.827,15,47,62,94,21,5,29,33,388
6,203504,Trey Burke,2018-19,00,1610612742,DAL,26.0,25,1,436.0,88,190,0.463,26,73,0.356,41,49,0.837,13,24,37,65,12,2,20,25,243
7,203504,Trey Burke,2018-19,00,0,TOT,26.0,58,8,1125.0,236,548,0.431,56,159,0.352,103,124,0.831,28,71,99,159,33,7,49,58,631
8,203504,Trey Burke,2019-20,00,1610612755,PHI,27.0,25,0,329.0,59,127,0.465,16,38,0.421,13,18,0.722,15,20,35,53,7,1,12,21,147
9,203504,Trey Burke,2019-20,00,1610612742,DAL,27.0,8,1,191.0,35,82,0.427,16,37,0.432,10,11,0.909,1,14,15,30,9,1,9,12,96
10,203504,Trey Burke,2019-20,00,0,TOT,27.0,33,1,520.0,94,209,0.45,32,75,0.427,23,29,0.793,16,34,50,83,16,2,21,33,243
11,203504,Trey Burke,2020-21,00,1610612742,DAL,28.0,62,1,911.0,151,353,0.428,58,164,0.354,51,57,0.895,10,44,54,81,36,7,33,64,411
12,203504,Trey Burke,2021-22,00,1610612742,DAL,29.0,42,0,441.0,84,215,0.391,26,82,0.317,20,23,0.87,4,29,33,57,12,0,26,39,214
0,202692,Alec Burks,2011-12,00,1610612762,UTA,20.0,59,0,939.0,153,357,0.429,15,45,0.333,104,143,0.727,57,75,132,55,27,5,51,84,425
1,202692,Alec Burks,2012-13,00,1610612762,UTA,21.0,64,0,1137.0,163,388,0.42,33,92,0.359,92,129,0.713,37,108,145,92,35,13,74,114,451
2,202692,Alec Burks,2013-14,00,1610612762,UTA,22.0,78,12,2193.0,380,831,0.457,50,143,0.35,279,373,0.748,59,198,257,212,69,14,149,190,1089
3,202692,Alec Burks,2014-15,00,1610612762,UTA,23.0,27,27,899.0,121,300,0.403,26,68,0.382,106,129,0.822,19,95,114,82,17,5,52,64,374
4,202692,Alec Burks,2015-16,00,1610612762,UTA,24.0,31,3,797.0,137,334,0.41,32,79,0.405,106,141,0.752,16,93,109,63,18,4,51,71,412
5,202692,Alec Burks,2016-17,00,1610612762,UTA,25.0,42,0,653.0,99,248,0.399,25,76,0.329,60,78,0.769,17,103,120,30,18,5,35,50,283
6,202692,Alec Burks,2017-18,00,1610612762,UTA,26.0,64,1,1059.0,170,414,0.411,47,142,0.331,107,124,0.863,19,173,192,67,37,8,60,75,494
7,202692,Alec Burks,2018-19,00,1610612762,UTA,27.0,17,0,269.0,47,114,0.412,16,43,0.372,33,38,0.868,2,25,27,20,6,4,15,22,143
8,202692,Alec Burks,2018-19,00,1610612739,CLE,27.0,34,24,979.0,136,340,0.4,45,119,0.378,79,98,0.806,26,160,186,98,25,16,46,62,396
9,202692,Alec Burks,2018-19,00,1610612758,SAC,27.0,13,0,127.0,9,20,0.45,0,6,0.0,4,5,0.8,2,20,22,10,8,1,4,7,22
10,202692,Alec Burks,2018-19,00,0,TOT,27.0,64,24,1375.0,192,474,0.405,61,168,0.363,116,141,0.823,30,205,235,128,39,21,65,91,561
11,202692,Alec Burks,2019-20,00,1610612744,GSW,28.0,48,18,1390.0,244,601,0.406,84,224,0.375,201,224,0.897,37,189,226,151,50,17,76,107,773
12,202692,Alec Burks,2019-20,00,1610612755,PHI,28.0,18,1,364.0,77,167,0.461,32,77,0.416,34,41,0.829,11,45,56,38,12,0,15,21,220
13,202692,Alec Burks,2019-20,00,0,TOT,28.0,66,19,1754.0,321,768,0.418,116,301,0.385,235,265,0.887,48,234,282,189,62,17,91,128,993
14,202692,Alec Burks,2020-21,00,1610612752,NYK,29.0,49,5,1255.0,210,500,0.42,102,246,0.415,101,118,0.856,21,206,227,107,31,14,49,102,623
15,202692,Alec Burks,2021-22,00,1610612752,NYK,30.0,81,44,2318.0,285,728,0.391,157,389,0.404,217,264,0.822,47,350,397,239,85,26,91,215,944
16,202692,Alec Burks,2022-23,00,1610612765,DET,31.0,19,0,401.0,81,181,0.448,35,87,0.402,65,83,0.783,5,52,57,34,16,2,21,48,262
0,1630215,Jared Butler,2021-22,00,1610612762,UTA,21.0,42,1,360.0,61,151,0.404,28,88,0.318,11,16,0.688,5,40,45,63,17,8,33,47,161
0,202710,Jimmy Butler,2011-12,00,1610612741,CHI,22.0,42,0,359.0,32,79,0.405,2,11,0.182,43,56,0.768,23,33,56,14,11,5,14,20,109
1,202710,Jimmy Butler,2012-13,00,1610612741,CHI,23.0,82,20,2134.0,239,512,0.467,40,105,0.381,187,233,0.803,136,192,328,115,78,31,62,97,705
2,202710,Jimmy Butler,2013-14,00,1610612741,CHI,24.0,67,67,2591.0,275,693,0.397,68,240,0.283,260,338,0.769,87,243,330,175,127,36,102,106,878
3,202710,Jimmy Butler,2014-15,00,1610612741,CHI,25.0,65,65,2513.0,421,912,0.462,73,193,0.378,386,463,0.834,114,265,379,212,114,36,93,108,1301
4,202710,Jimmy Butler,2015-16,00,1610612741,CHI,26.0,67,67,2474.0,470,1035,0.454,64,205,0.312,395,475,0.832,79,279,358,321,110,43,132,124,1399
5,202710,Jimmy Butler,2016-17,00,1610612741,CHI,27.0,76,75,2809.0,570,1252,0.455,91,248,0.367,585,676,0.865,129,341,470,417,143,32,159,112,1816
6,202710,Jimmy Butler,2017-18,00,1610612750,MIN,28.0,59,59,2164.0,437,921,0.474,70,200,0.35,363,425,0.854,79,235,314,288,116,24,108,78,1307
7,202710,Jimmy Butler,2018-19,00,1610612750,MIN,29.0,10,10,361.0,74,157,0.471,17,45,0.378,48,61,0.787,16,36,52,43,24,10,14,18,213
8,202710,Jimmy Butler,2018-19,00,1610612755,PHI,29.0,55,55,1824.0,344,747,0.461,50,148,0.338,264,304,0.868,105,185,290,220,99,29,81,93,1002
9,202710,Jimmy Butler,2018-19,00,0,TOT,29.0,65,65,2185.0,418,904,0.462,67,193,0.347,312,365,0.855,121,221,342,263,123,39,95,111,1215
10,202710,Jimmy Butler,2019-20,00,1610612748,MIA,30.0,58,58,1959.0,345,758,0.455,29,119,0.244,438,525,0.834,106,280,386,350,103,32,127,81,1157
11,202710,Jimmy Butler,2020-21,00,1610612748,MIA,31.0,52,52,1745.0,366,736,0.497,25,102,0.245,359,416,0.863,94,265,359,369,108,18,109,71,1116
12,202710,Jimmy Butler,2021-22,00,1610612748,MIA,32.0,57,57,1931.0,398,829,0.48,27,116,0.233,396,455,0.87,102,234,336,312,94,27,121,88,1219
13,202710,Jimmy Butler,2022-23,00,1610612748,MIA,33.0,20,20,703.0,148,280,0.529,15,41,0.366,126,154,0.818,42,94,136,118,37,8,38,32,437
0,1631288,Jamal Cain,2022-23,00,1610612748,MIA,23.0,8,0,93.0,15,28,0.536,1,6,0.167,4,6,0.667,7,12,19,5,5,0,2,10,35
0,203484,Kentavious Caldwell-Pope,2013-14,00,1610612765,DET,21.0,80,41,1583.0,182,460,0.396,59,185,0.319,47,61,0.77,38,118,156,55,75,12,28,145,470
1,203484,Kentavious Caldwell-Pope,2014-15,00,1610612765,DET,22.0,82,82,2587.0,390,972,0.401,153,444,0.345,110,158,0.696,46,209,255,109,93,18,94,161,1043
2,203484,Kentavious Caldwell-Pope,2015-16,00,1610612765,DET,23.0,76,76,2789.0,403,960,0.42,114,369,0.309,185,228,0.811,70,212,282,138,110,17,105,167,1105
3,203484,Kentavious Caldwell-Pope,2016-17,00,1610612765,DET,24.0,76,75,2529.0,370,928,0.399,153,437,0.35,154,185,0.832,55,193,248,193,89,12,86,118,1047
4,203484,Kentavious Caldwell-Pope,2017-18,00,1610612747,LAL,25.0,74,74,2458.0,340,798,0.426,159,415,0.383,153,194,0.789,60,327,387,162,106,16,97,145,992
5,203484,Kentavious Caldwell-Pope,2018-19,00,1610612747,LAL,26.0,82,23,2035.0,325,756,0.43,151,435,0.347,137,158,0.867,48,190,238,110,73,13,65,137,938
6,203484,Kentavious Caldwell-Pope,2019-20,00,1610612747,LAL,27.0,69,26,1762.0,237,507,0.467,92,239,0.385,79,102,0.775,38,104,142,111,57,14,62,128,645
7,203484,Kentavious Caldwell-Pope,2020-21,00,1610612747,LAL,28.0,67,67,1902.0,218,506,0.431,120,293,0.41,97,112,0.866,27,152,179,127,62,26,66,114,653
8,203484,Kentavious Caldwell-Pope,2021-22,00,1610612764,WAS,29.0,77,77,2329.0,361,829,0.435,159,408,0.39,137,154,0.89,41,220,261,145,83,26,97,139,1018
9,203484,Kentavious Caldwell-Pope,2022-23,00,1610612743,DEN,29.0,28,28,871.0,113,240,0.471,58,127,0.457,31,39,0.795,14,71,85,61,31,11,32,56,315
0,1628427,Vlatko Cancar,2019-20,00,1610612743,DEN,23.0,14,0,45.0,6,15,0.4,1,6,0.167,4,4,1.0,5,5,10,3,1,1,3,7,17
1,1628427,Vlatko Cancar,2020-21,00,1610612743,DEN,24.0,41,1,281.0,33,72,0.458,9,33,0.273,10,13,0.769,11,39,50,14,11,2,14,18,85
2,1628427,Vlatko Cancar,2021-22,00,1610612743,DEN,25.0,15,1,176.0,23,41,0.561,7,12,0.583,9,14,0.643,8,23,31,17,2,3,9,18,62
3,1628427,Vlatko Cancar,2022-23,00,1610612743,DEN,25.0,20,0,211.0,31,66,0.47,15,35,0.429,6,7,0.857,5,24,29,17,7,4,12,24,83
0,1629962,Devin Cannady,2020-21,00,1610612753,ORL,25.0,8,0,74.0,11,28,0.393,6,16,0.375,6,7,0.857,0,5,5,1,5,1,2,9,34
1,1629962,Devin Cannady,2021-22,00,1610612753,ORL,26.0,5,0,145.0,15,44,0.341,15,37,0.405,5,7,0.714,1,5,6,10,5,3,5,9,50
0,203991,Clint Capela,2014-15,00,1610612745,HOU,21.0,12,0,90.0,14,29,0.483,0,0,0.0,4,23,0.174,10,26,36,2,1,9,5,14,32
1,203991,Clint Capela,2015-16,00,1610612745,HOU,22.0,77,35,1471.0,231,397,0.582,0,1,0.0,80,211,0.379,194,300,494,47,59,92,60,190,542
2,203991,Clint Capela,2016-17,00,1610612745,HOU,23.0,65,59,1551.0,362,563,0.643,0,0,0.0,94,177,0.531,178,348,526,63,34,79,87,179,818
3,203991,Clint Capela,2017-18,00,1610612745,HOU,24.0,74,74,2034.0,441,676,0.652,0,1,0.0,144,257,0.56,241,561,802,68,58,137,103,185,1026
4,203991,Clint Capela,2018-19,00,1610612745,HOU,25.0,67,67,2249.0,474,732,0.648,0,0,0.0,166,261,0.636,298,550,848,96,44,102,94,168,1114
5,203991,Clint Capela,2019-20,00,1610612745,HOU,26.0,39,39,1279.0,244,388,0.629,0,0,0.0,55,104,0.529,168,369,537,48,33,72,63,102,543
6,203991,Clint Capela,2020-21,00,1610612737,ATL,27.0,63,63,1898.0,413,695,0.594,0,0,0.0,130,227,0.573,297,606,903,49,44,129,73,145,956
7,203991,Clint Capela,2021-22,00,1610612737,ATL,28.0,74,73,2042.0,370,604,0.613,0,1,0.0,80,169,0.473,279,598,877,92,55,93,44,166,820
8,203991,Clint Capela,2022-23,00,1610612737,ATL,28.0,26,26,718.0,143,226,0.633,0,0,0.0,28,48,0.583,114,198,312,20,16,34,23,61,314
0,1630176,Vernon Carey Jr.,2020-21,00,1610612766,CHA,20.0,19,4,115.0,18,36,0.5,1,7,0.143,9,11,0.818,6,21,27,2,1,5,5,13,46
1,1630176,Vernon Carey Jr.,2021-22,00,1610612766,CHA,21.0,4,1,17.0,3,6,0.5,0,0,0.0,2,3,0.667,3,2,5,0,1,0,1,1,8
2,1630176,Vernon Carey Jr.,2021-22,00,1610612764,WAS,21.0,3,0,27.0,4,7,0.571,0,0,0.0,4,10,0.4,5,2,7,0,1,1,2,3,12
3,1630176,Vernon Carey Jr.,2021-22,00,0,TOT,21.0,7,1,44.0,7,13,0.538,0,0,0.0,6,13,0.462,8,4,12,0,2,1,3,4,20
4,1630176,Vernon Carey Jr.,2022-23,00,1610612764,WAS,21.0,3,0,5.0,0,2,0.0,0,0,0.0,0,0,0.0,0,1,1,0,0,0,1,2,0
0,1628975,Jevon Carter,2018-19,00,1610612763,MEM,23.0,39,3,576.0,56,185,0.303,34,102,0.333,26,32,0.813,14,52,66,69,26,11,33,55,172
1,1628975,Jevon Carter,2019-20,00,1610612756,PHX,24.0,58,2,945.0,101,243,0.416,62,146,0.425,23,27,0.852,30,88,118,84,47,17,32,86,287
2,1628975,Jevon Carter,2020-21,00,1610612756,PHX,25.0,60,1,717.0,94,223,0.422,56,151,0.371,4,7,0.571,16,76,92,71,29,9,16,56,248
3,1628975,Jevon Carter,2021-22,00,1610612751,BKN,26.0,46,1,552.0,58,174,0.333,42,127,0.331,7,10,0.7,9,58,67,46,14,10,26,45,165
4,1628975,Jevon Carter,2021-22,00,1610612749,MIL,26.0,20,2,353.0,40,79,0.506,24,43,0.558,8,8,1.0,5,38,43,50,10,4,8,22,112
5,1628975,Jevon Carter,2021-22,00,0,TOT,26.0,66,3,905.0,98,253,0.387,66,170,0.388,15,18,0.833,14,96,110,96,24,14,34,67,277
6,1628975,Jevon Carter,2022-23,00,1610612749,MIL,27.0,29,24,750.0,84,196,0.429,41,99,0.414,16,19,0.842,20,61,81,95,37,15,36,64,225
0,1628976,Wendell Carter Jr.,2018-19,00,1610612741,CHI,20.0,44,44,1110.0,180,371,0.485,6,32,0.188,89,112,0.795,87,220,307,78,26,58,65,152,455
1,1628976,Wendell Carter Jr.,2019-20,00,1610612741,CHI,21.0,43,43,1256.0,183,343,0.534,6,29,0.207,112,152,0.737,139,266,405,51,33,36,72,162,484
2,1628976,Wendell Carter Jr.,2020-21,00,1610612741,CHI,22.0,32,25,792.0,129,252,0.512,8,22,0.364,82,111,0.739,70,180,250,69,18,24,49,96,348
3,1628976,Wendell Carter Jr.,2020-21,00,1610612753,ORL,22.0,22,19,583.0,101,205,0.493,7,29,0.241,49,68,0.721,62,131,193,35,17,18,29,50,258
4,1628976,Wendell Carter Jr.,2020-21,00,0,TOT,22.0,54,44,1375.0,230,457,0.503,15,51,0.294,131,179,0.732,132,311,443,104,35,42,78,146,606
5,1628976,Wendell Carter Jr.,2021-22,00,1610612753,ORL,23.0,62,61,1852.0,359,684,0.525,70,214,0.327,143,207,0.691,139,509,648,171,36,43,117,169,931
6,1628976,Wendell Carter Jr.,2022-23,00,1610612753,ORL,23.0,15,15,493.0,87,169,0.515,18,52,0.346,57,69,0.826,32,104,136,49,8,8,39,48,249
0,1627936,Alex Caruso,2017-18,00,1610612747,LAL,24.0,37,7,562.0,50,116,0.431,13,43,0.302,21,30,0.7,15,50,65,75,23,10,42,52,134
1,1627936,Alex Caruso,2018-19,00,1610612747,LAL,25.0,25,4,531.0,77,173,0.445,24,50,0.48,51,64,0.797,20,47,67,77,24,9,42,54,229
2,1627936,Alex Caruso,2019-20,00,1610612747,LAL,26.0,64,2,1175.0,120,291,0.412,40,120,0.333,69,94,0.734,17,106,123,124,70,18,53,98,349
3,1627936,Alex Caruso,2020-21,00,1610612747,LAL,27.0,58,6,1216.0,133,305,0.436,55,137,0.401,49,76,0.645,31,139,170,160,64,15,76,108,370
4,1627936,Alex Caruso,2021-22,00,1610612741,CHI,28.0,41,18,1147.0,102,256,0.398,42,126,0.333,58,73,0.795,33,115,148,165,71,15,57,106,304
5,1627936,Alex Caruso,2022-23,00,1610612741,CHI,28.0,28,12,715.0,49,117,0.419,23,65,0.354,27,36,0.75,11,65,76,106,43,19,39,65,148
0,1626161,Willie Cauley-Stein,2015-16,00,1610612758,SAC,22.0,66,39,1412.0,191,339,0.563,0,2,0.0,81,125,0.648,134,218,352,37,47,66,46,146,463
1,1626161,Willie Cauley-Stein,2016-17,00,1610612758,SAC,23.0,75,21,1421.0,255,481,0.53,0,2,0.0,101,151,0.669,85,254,339,80,53,44,69,147,611
2,1626161,Willie Cauley-Stein,2017-18,00,1610612758,SAC,24.0,73,57,2044.0,388,773,0.502,3,12,0.25,153,247,0.619,131,379,510,172,77,67,109,185,932
3,1626161,Willie Cauley-Stein,2018-19,00,1610612758,SAC,25.0,81,81,2213.0,412,741,0.556,1,2,0.5,140,254,0.551,181,497,678,194,96,51,84,227,965
4,1626161,Willie Cauley-Stein,2019-20,00,1610612744,GSW,26.0,41,37,941.0,144,257,0.56,0,0,0.0,35,57,0.614,71,184,255,60,45,50,35,102,323
5,1626161,Willie Cauley-Stein,2019-20,00,1610612742,DAL,26.0,13,2,157.0,31,45,0.689,0,1,0.0,5,9,0.556,13,47,60,10,4,11,5,19,67
6,1626161,Willie Cauley-Stein,2019-20,00,0,TOT,26.0,54,39,1097.0,175,302,0.579,0,1,0.0,40,66,0.606,84,231,315,70,49,61,40,121,390
7,1626161,Willie Cauley-Stein,2020-21,00,1610612742,DAL,27.0,53,16,906.0,115,182,0.632,1,11,0.091,49,78,0.628,66,170,236,35,21,43,29,129,280
8,1626161,Willie Cauley-Stein,2021-22,00,1610612742,DAL,28.0,18,2,177.0,16,35,0.457,1,2,0.5,1,2,0.5,13,25,38,9,6,3,7,17,34
9,1626161,Willie Cauley-Stein,2021-22,00,1610612755,PHI,28.0,2,0,6.0,0,0,0.0,0,0,0.0,0,0,0.0,0,2,2,1,0,0,0,2,0
10,1626161,Willie Cauley-Stein,2021-22,00,0,TOT,28.0,20,2,183.0,16,35,0.457,1,2,0.5,1,2,0.5,13,27,40,10,6,3,7,19,34
0,1630577,Julian Champagnie,2022-23,00,1610612755,PHI,21.0,2,0,7.0,0,2,0.0,0,1,0.0,0,0,0.0,0,0,0,0,1,0,0,0,0
0,1630551,Justin Champagnie,2021-22,00,1610612761,TOR,21.0,36,0,281.0,31,67,0.463,10,28,0.357,9,9,1.0,37,35,72,11,8,4,8,32,81
1,1630551,Justin Champagnie,2022-23,00,1610612761,TOR,21.0,3,0,11.0,3,3,1.0,0,0,0.0,0,0,0.0,1,3,4,1,0,0,0,1,6
0,1631113,Kennedy Chandler,2022-23,00,1610612763,MEM,20.0,13,0,145.0,18,48,0.375,2,12,0.167,3,7,0.429,3,19,22,33,8,4,13,7,41
0,1629597,Zylan Cheatham,2019-20,00,1610612740,NOP,24.0,4,0,51.0,6,9,0.667,0,1,0.0,0,0,0.0,3,6,9,3,1,1,4,10,12
1,1629597,Zylan Cheatham,2021-22,00,1610612762,UTA,26.0,1,0,5.0,0,3,0.0,0,2,0.0,0,0,0.0,0,0,0,0,0,0,0,0,0
0,1629185,Chris Chiozza,2018-19,00,1610612745,HOU,23.0,7,0,33.0,2,8,0.25,2,5,0.4,0,0,0.0,1,3,4,4,1,1,1,2,6
1,1629185,Chris Chiozza,2019-20,00,1610612764,WAS,24.0,10,0,123.0,10,34,0.294,7,16,0.438,0,0,0.0,0,15,15,28,10,2,9,12,27
2,1629185,Chris Chiozza,2019-20,00,1610612751,BKN,24.0,18,2,278.0,45,106,0.425,20,56,0.357,5,5,1.0,9,29,38,55,11,2,23,25,115
3,1629185,Chris Chiozza,2019-20,00,0,TOT,24.0,28,2,401.0,55,140,0.393,27,72,0.375,5,5,1.0,9,44,53,83,21,4,32,37,142
4,1629185,Chris Chiozza,2020-21,00,1610612751,BKN,25.0,22,1,232.0,31,88,0.352,13,42,0.31,13,17,0.765,3,21,24,65,7,6,16,19,88
5,1629185,Chris Chiozza,2021-22,00,1610612744,GSW,26.0,34,1,372.0,24,81,0.296,17,53,0.321,2,3,0.667,9,27,36,65,13,0,32,32,67
0,1627737,Marquese Chriss,2016-17,00,1610612756,PHX,19.0,82,75,1743.0,284,632,0.449,72,224,0.321,113,181,0.624,96,252,348,60,67,70,108,263,753
1,1627737,Marquese Chriss,2017-18,00,1610612756,PHX,20.0,72,49,1527.0,202,477,0.423,56,190,0.295,96,158,0.608,76,319,395,83,51,70,107,205,556
2,1627737,Marquese Chriss,2018-19,00,1610612745,HOU,21.0,16,0,104.0,11,34,0.324,1,15,0.067,6,7,0.857,7,21,28,6,2,4,12,17,29
3,1627737,Marquese Chriss,2018-19,00,1610612739,CLE,21.0,27,2,395.0,56,146,0.384,15,57,0.263,26,38,0.684,33,81,114,16,15,7,24,64,153
4,1627737,Marquese Chriss,2018-19,00,0,TOT,21.0,43,2,499.0,67,180,0.372,16,72,0.222,32,45,0.711,40,102,142,22,17,11,36,81,182
5,1627737,Marquese Chriss,2019-20,00,1610612744,GSW,22.0,59,21,1196.0,210,385,0.545,8,39,0.205,120,156,0.769,114,251,365,114,39,62,78,122,548
6,1627737,Marquese Chriss,2020-21,00,1610612744,GSW,23.0,2,0,27.0,5,14,0.357,1,5,0.2,2,4,0.5,3,10,13,2,0,2,2,3,13
7,1627737,Marquese Chriss,2021-22,00,1610612742,DAL,24.0,34,0,346.0,62,134,0.463,8,25,0.32,22,33,0.667,33,70,103,17,13,12,17,64,154
0,1631108,Max Christie,2022-23,00,1610612747,LAL,19.0,13,0,165.0,16,39,0.41,12,27,0.444,3,4,0.75,3,29,32,5,3,2,3,7,47
0,1630528,Josh Christopher,2021-22,00,1610612745,HOU,20.0,74,2,1334.0,224,500,0.448,56,189,0.296,83,113,0.735,52,134,186,150,65,13,114,97,587
1,1630528,Josh Christopher,2022-23,00,1610612745,HOU,21.0,18,0,126.0,22,50,0.44,3,14,0.214,5,6,0.833,5,15,20,11,5,1,12,13,52
0,1629634,Brandon Clarke,2019-20,00,1610612763,MEM,23.0,58,4,1300.0,296,479,0.618,23,64,0.359,85,112,0.759,92,253,345,81,32,48,55,100,700
1,1629634,Brandon Clarke,2020-21,00,1610612763,MEM,24.0,59,16,1415.0,256,495,0.517,20,77,0.26,78,113,0.69,97,231,328,95,60,51,33,84,610
2,1629634,Brandon Clarke,2021-22,00,1610612763,MEM,25.0,64,1,1246.0,288,447,0.644,5,22,0.227,85,130,0.654,135,207,342,86,39,68,34,122,666
3,1629634,Brandon Clarke,2022-23,00,1610612763,MEM,26.0,29,3,568.0,120,184,0.652,1,6,0.167,46,65,0.708,33,117,150,35,10,24,34,69,287
0,203903,Jordan Clarkson,2014-15,00,1610612747,LAL,23.0,59,38,1476.0,267,596,0.448,38,121,0.314,131,158,0.829,56,135,191,206,51,12,96,109,703
1,203903,Jordan Clarkson,2015-16,00,1610612747,LAL,24.0,79,79,2552.0,475,1098,0.433,111,320,0.347,164,204,0.804,93,220,313,192,88,7,135,168,1225
2,203903,Jordan Clarkson,2016-17,00,1610612747,LAL,25.0,82,19,2397.0,477,1071,0.445,117,356,0.329,134,168,0.798,49,197,246,213,88,8,164,150,1205
3,203903,Jordan Clarkson,2017-18,00,1610612747,LAL,26.0,53,2,1256.0,299,667,0.448,68,210,0.324,105,132,0.795,44,115,159,173,39,3,95,63,771
4,203903,Jordan Clarkson,2017-18,00,1610612739,CLE,26.0,28,0,632.0,131,287,0.456,44,108,0.407,47,58,0.81,13,45,58,48,19,3,32,44,353
5,203903,Jordan Clarkson,2017-18,00,0,TOT,26.0,81,2,1887.0,430,954,0.451,112,318,0.352,152,190,0.8,57,160,217,221,58,6,127,107,1124
6,203903,Jordan Clarkson,2018-19,00,1610612739,CLE,27.0,81,0,2215.0,529,1180,0.448,144,445,0.324,162,192,0.844,82,188,270,196,57,13,135,112,1364
7,203903,Jordan Clarkson,2019-20,00,1610612739,CLE,28.0,29,0,666.0,144,326,0.442,59,159,0.371,76,86,0.884,21,48,69,70,17,8,39,33,423
8,203903,Jordan Clarkson,2019-20,00,1610612762,UTA,28.0,42,2,1039.0,250,541,0.462,93,254,0.366,62,79,0.785,29,89,118,66,29,8,58,75,655
9,203903,Jordan Clarkson,2019-20,00,0,TOT,28.0,71,2,1705.0,394,867,0.454,152,413,0.368,138,165,0.836,50,137,187,136,46,16,97,108,1078
10,203903,Jordan Clarkson,2020-21,00,1610612762,UTA,29.0,68,1,1818.0,457,1075,0.425,208,599,0.347,129,144,0.896,47,227,274,168,61,10,115,110,1251
11,203903,Jordan Clarkson,2021-22,00,1610612762,UTA,30.0,79,1,2141.0,466,1113,0.419,190,597,0.318,144,174,0.828,67,206,273,194,66,16,129,149,1266
12,203903,Jordan Clarkson,2022-23,00,1610612762,UTA,30.0,31,31,1007.0,226,517,0.437,83,241,0.344,83,101,0.822,35,83,118,144,13,10,89,60,618
0,1629651,Nic Claxton,2019-20,00,1610612751,BKN,21.0,15,0,187.0,27,48,0.563,1,7,0.143,11,21,0.524,19,25,44,16,1,8,9,14,66
1,1629651,Nic Claxton,2020-21,00,1610612751,BKN,22.0,32,1,594.0,90,145,0.621,1,5,0.2,31,64,0.484,43,123,166,28,23,40,18,68,212
2,1629651,Nic Claxton,2021-22,00,1610612751,BKN,23.0,47,19,974.0,178,264,0.674,0,0,0.0,54,93,0.581,91,173,264,43,24,51,38,110,410
3,1629651,Nic Claxton,2022-23,00,1610612751,BKN,23.0,28,28,779.0,145,196,0.74,0,1,0.0,36,81,0.444,72,170,242,34,20,66,36,82,326
0,1629599,Amir Coffey,2019-20,00,1610612746,LAC,23.0,18,1,159.0,23,54,0.426,6,19,0.316,6,11,0.545,4,12,16,14,5,2,8,20,58
1,1629599,Amir Coffey,2020-21,00,1610612746,LAC,24.0,44,1,395.0,45,103,0.437,23,56,0.411,27,38,0.711,10,34,44,22,10,0,15,30,140
2,1629599,Amir Coffey,2021-22,00,1610612746,LAC,25.0,69,30,1567.0,211,466,0.453,96,254,0.378,101,117,0.863,26,171,197,124,38,15,45,87,619
3,1629599,Amir Coffey,2022-23,00,1610612746,LAC,25.0,26,7,397.0,33,86,0.384,9,26,0.346,33,41,0.805,11,21,32,32,6,2,13,33,108
0,1628381,John Collins,2017-18,00,1610612737,ATL,20.0,74,26,1785.0,314,545,0.576,16,47,0.34,133,186,0.715,176,365,541,98,47,80,105,215,777
1,1628381,John Collins,2018-19,00,1610612737,ATL,21.0,61,59,1828.0,465,831,0.56,55,158,0.348,203,266,0.763,219,376,595,121,22,39,120,199,1188
2,1628381,John Collins,2019-20,00,1610612737,ATL,22.0,41,41,1363.0,353,605,0.583,59,147,0.401,120,150,0.8,116,300,416,60,31,66,75,138,885
3,1628381,John Collins,2020-21,00,1610612737,ATL,23.0,63,63,1848.0,429,771,0.556,83,208,0.399,170,204,0.833,118,349,467,78,34,63,84,193,1111
4,1628381,John Collins,2021-22,00,1610612737,ATL,24.0,54,53,1663.0,339,644,0.526,64,176,0.364,134,169,0.793,93,329,422,98,33,56,60,164,876
5,1628381,John Collins,2022-23,00,1610612737,ATL,25.0,22,22,693.0,103,213,0.484,16,73,0.219,49,58,0.845,26,138,164,28,20,31,30,71,271
0,1628380,Zach Collins,2017-18,00,1610612757,POR,20.0,66,1,1045.0,115,289,0.398,35,113,0.31,27,42,0.643,45,176,221,52,17,31,58,133,292
1,1628380,Zach Collins,2018-19,00,1610612757,POR,21.0,77,0,1356.0,189,400,0.473,40,121,0.331,94,126,0.746,109,215,324,71,25,66,77,174,512
2,1628380,Zach Collins,2019-20,00,1610612757,POR,22.0,11,11,290.0,32,68,0.471,7,19,0.368,6,8,0.75,25,44,69,16,5,5,14,36,77
3,1628380,Zach Collins,2021-22,00,1610612759,SAS,24.0,28,4,502.0,76,155,0.49,14,41,0.341,52,65,0.8,46,107,153,61,13,23,45,67,218
4,1628380,Zach Collins,2022-23,00,1610612759,SAS,25.0,18,6,375.0,64,120,0.533,12,38,0.316,19,26,0.731,33,71,104,53,10,18,44,69,159
0,201144,Mike Conley,2007-08,00,1610612763,MEM,20.0,53,46,1381.0,189,442,0.428,30,91,0.33,90,123,0.732,21,118,139,222,44,2,89,85,498
1,201144,Mike Conley,2008-09,00,1610612763,MEM,21.0,82,61,2508.0,323,730,0.442,88,217,0.406,161,197,0.817,25,251,276,354,90,8,143,146,895
2,201144,Mike Conley,2009-10,00,1610612763,MEM,22.0,80,80,2569.0,369,830,0.445,82,212,0.387,139,187,0.743,30,161,191,425,109,12,170,178,959
3,201144,Mike Conley,2010-11,00,1610612763,MEM,23.0,81,81,2872.0,423,953,0.444,80,217,0.369,181,247,0.733,32,215,247,528,144,18,176,182,1107
4,201144,Mike Conley,2011-12,00,1610612763,MEM,24.0,62,61,2174.0,296,684,0.433,60,159,0.377,136,158,0.861,22,134,156,404,136,11,125,133,788
5,201144,Mike Conley,2012-13,00,1610612763,MEM,25.0,80,80,2757.0,414,940,0.44,106,293,0.362,234,282,0.83,43,182,225,487,174,24,189,171,1168
6,201144,Mike Conley,2013-14,00,1610612763,MEM,26.0,73,73,2446.0,463,1030,0.45,105,291,0.361,225,276,0.815,41,172,213,441,110,13,150,141,1256
7,201144,Mike Conley,2014-15,00,1610612763,MEM,27.0,70,70,2225.0,393,882,0.446,107,277,0.386,214,249,0.859,29,180,209,375,89,14,156,139,1107
8,201144,Mike Conley,2015-16,00,1610612763,MEM,28.0,56,56,1761.0,294,696,0.422,78,215,0.363,191,229,0.834,26,138,164,342,67,16,84,100,857
9,201144,Mike Conley,2016-17,00,1610612763,MEM,29.0,69,68,2292.0,464,1009,0.46,171,419,0.408,316,368,0.859,31,210,241,433,92,19,156,126,1415
10,201144,Mike Conley,2017-18,00,1610612763,MEM,30.0,12,12,373.0,64,168,0.381,24,77,0.312,53,66,0.803,0,27,27,49,12,3,18,24,205
11,201144,Mike Conley,2018-19,00,1610612763,MEM,31.0,70,70,2342.0,490,1120,0.438,155,426,0.364,343,406,0.845,40,199,239,449,94,22,130,123,1478
12,201144,Mike Conley,2019-20,00,1610612762,UTA,32.0,47,41,1363.0,232,567,0.409,96,256,0.375,115,139,0.827,33,118,151,208,36,5,92,104,675
13,201144,Mike Conley,2020-21,00,1610612762,UTA,33.0,51,51,1498.0,284,640,0.444,138,335,0.412,121,142,0.852,36,141,177,305,70,9,99,98,827
14,201144,Mike Conley,2021-22,00,1610612762,UTA,34.0,72,72,2058.0,344,791,0.435,169,414,0.408,129,162,0.796,47,170,217,385,96,21,123,142,986
15,201144,Mike Conley,2022-23,00,1610612762,UTA,35.0,21,20,608.0,69,181,0.381,37,104,0.356,31,43,0.721,7,38,45,156,22,5,32,45,206
0,1626192,Pat Connaughton,2015-16,00,1610612757,POR,23.0,34,0,143.0,13,49,0.265,5,21,0.238,5,5,1.0,11,21,32,10,2,0,10,6,36
1,1626192,Pat Connaughton,2016-17,00,1610612757,POR,24.0,39,1,316.0,37,72,0.514,17,33,0.515,7,9,0.778,10,42,52,28,6,2,17,23,98
2,1626192,Pat Connaughton,2017-18,00,1610612757,POR,25.0,82,5,1488.0,165,390,0.423,74,210,0.352,37,44,0.841,36,125,161,91,23,22,43,120,441
3,1626192,Pat Connaughton,2018-19,00,1610612749,MIL,26.0,61,2,1261.0,163,350,0.466,66,200,0.33,29,40,0.725,61,197,258,122,33,25,33,81,421
4,1626192,Pat Connaughton,2019-20,00,1610612749,MIL,27.0,67,4,1243.0,137,301,0.455,55,166,0.331,31,40,0.775,60,224,284,107,25,31,52,70,360
5,1626192,Pat Connaughton,2020-21,00,1610612749,MIL,28.0,69,4,1575.0,168,387,0.434,101,272,0.371,31,40,0.775,63,269,332,81,49,23,33,99,468
6,1626192,Pat Connaughton,2021-22,00,1610612749,MIL,29.0,65,19,1691.0,227,496,0.458,146,370,0.395,45,54,0.833,45,228,273,82,59,15,35,86,645
7,1626192,Pat Connaughton,2022-23,00,1610612749,MIL,29.0,13,0,249.0,30,94,0.319,19,69,0.275,9,11,0.818,9,35,44,9,8,2,7,12,88
0,1626188,Quinn Cook,2016-17,00,1610612742,DAL,24.0,5,0,77.0,11,25,0.44,5,14,0.357,0,2,0.0,0,3,3,12,1,0,8,6,27
1,1626188,Quinn Cook,2016-17,00,1610612740,NOP,24.0,9,0,111.0,22,41,0.537,6,12,0.5,2,3,0.667,1,3,4,14,3,0,5,7,52
2,1626188,Quinn Cook,2016-17,00,0,TOT,24.0,14,0,187.0,33,66,0.5,11,26,0.423,2,5,0.4,1,6,7,26,4,0,13,13,79
3,1626188,Quinn Cook,2017-18,00,1610612744,GSW,25.0,33,18,741.0,122,252,0.484,46,104,0.442,22,25,0.88,10,72,82,89,12,1,32,59,312
4,1626188,Quinn Cook,2018-19,00,1610612744,GSW,26.0,74,10,1059.0,204,439,0.465,81,200,0.405,20,26,0.769,22,135,157,116,20,3,50,92,509
5,1626188,Quinn Cook,2019-20,00,1610612747,LAL,27.0,44,1,508.0,91,214,0.425,31,85,0.365,11,14,0.786,11,40,51,49,12,2,33,27,224
6,1626188,Quinn Cook,2020-21,00,1610612747,LAL,28.0,16,0,62.0,12,26,0.462,5,13,0.385,4,5,0.8,0,5,5,5,1,1,3,2,33
7,1626188,Quinn Cook,2020-21,00,1610612739,CLE,28.0,7,0,95.0,17,42,0.405,6,13,0.462,3,3,1.0,2,10,12,13,3,0,4,8,43
8,1626188,Quinn Cook,2020-21,00,0,TOT,28.0,23,0,157.0,29,68,0.426,11,26,0.423,7,8,0.875,2,15,17,18,4,1,7,10,76
0,1630536,Sharife Cooper,2021-22,00,1610612737,ATL,21.0,13,0,39.0,3,14,0.214,1,6,0.167,0,0,0.0,0,5,5,5,0,0,5,1,7
0,203496,Robert Covington,2013-14,00,1610612745,HOU,23.0,7,0,34.0,6,14,0.429,4,11,0.364,0,0,0.0,2,3,5,0,2,0,1,3,16
1,203496,Robert Covington,2014-15,00,1610612755,PHI,24.0,70,49,1956.0,299,756,0.396,167,446,0.374,178,217,0.82,65,251,316,105,97,31,128,189,943
2,203496,Robert Covington,2015-16,00,1610612755,PHI,25.0,67,49,1903.0,274,712,0.385,170,482,0.353,140,177,0.791,65,354,419,97,105,40,143,232,858
3,203496,Robert Covington,2016-17,00,1610612755,PHI,26.0,67,67,2119.0,292,732,0.399,137,412,0.333,143,174,0.822,92,344,436,102,127,69,131,203,864
4,203496,Robert Covington,2017-18,00,1610612755,PHI,27.0,80,80,2531.0,345,836,0.413,203,550,0.369,116,136,0.853,55,378,433,156,137,72,126,238,1009
5,203496,Robert Covington,2018-19,00,1610612755,PHI,28.0,13,13,440.0,50,117,0.427,30,77,0.39,17,23,0.739,7,60,67,14,24,23,22,45,147
6,203496,Robert Covington,2018-19,00,1610612750,MIN,28.0,22,22,763.0,106,245,0.433,55,148,0.372,51,66,0.773,21,105,126,32,50,24,25,81,318
7,203496,Robert Covington,2018-19,00,0,TOT,28.0,35,35,1203.0,156,362,0.431,85,225,0.378,68,89,0.764,28,165,193,46,74,47,47,126,465
8,203496,Robert Covington,2019-20,00,1610612750,MIN,29.0,48,47,1411.0,216,496,0.435,108,312,0.346,75,94,0.798,36,251,287,56,80,45,73,148,615
9,203496,Robert Covington,2019-20,00,1610612745,HOU,29.0,22,21,726.0,89,227,0.392,53,168,0.315,24,30,0.8,27,149,176,32,35,48,30,72,255
10,203496,Robert Covington,2019-20,00,0,TOT,29.0,70,68,2137.0,305,723,0.422,161,480,0.335,99,124,0.798,63,400,463,88,115,93,103,220,870
11,203496,Robert Covington,2020-21,00,1610612757,POR,30.0,70,70,2243.0,204,509,0.401,135,356,0.379,50,62,0.806,61,405,466,117,101,84,64,195,593
12,203496,Robert Covington,2021-22,00,1610612757,POR,31.0,48,40,1431.0,128,336,0.381,79,230,0.343,30,36,0.833,41,233,274,68,74,63,58,132,365
13,203496,Robert Covington,2021-22,00,1610612746,LAC,31.0,23,2,509.0,81,162,0.5,49,109,0.45,28,33,0.848,18,99,117,24,29,28,17,58,239
14,203496,Robert Covington,2021-22,00,0,TOT,31.0,71,42,1940.0,209,498,0.42,128,339,0.378,58,69,0.841,59,332,391,92,103,91,75,190,604
15,203496,Robert Covington,2022-23,00,1610612746,LAC,32.0,19,0,308.0,36,95,0.379,19,60,0.317,14,17,0.824,8,61,69,23,10,13,15,40,105
0,1628470,Torrey Craig,2017-18,00,1610612743,DEN,27.0,39,5,629.0,62,137,0.453,17,58,0.293,22,35,0.629,40,87,127,25,12,15,20,63,163
1,1628470,Torrey Craig,2018-19,00,1610612743,DEN,28.0,75,37,1503.0,160,362,0.442,61,188,0.324,49,70,0.7,89,174,263,72,37,46,44,175,430
2,1628470,Torrey Craig,2019-20,00,1610612743,DEN,29.0,58,27,1072.0,124,269,0.461,45,138,0.326,22,36,0.611,63,126,189,47,23,36,25,135,315
3,1628470,Torrey Craig,2020-21,00,1610612749,MIL,30.0,18,0,201.0,18,46,0.391,8,22,0.364,1,2,0.5,13,30,43,16,9,7,5,24,45
4,1628470,Torrey Craig,2020-21,00,1610612756,PHX,30.0,32,8,602.0,91,181,0.503,31,84,0.369,16,20,0.8,44,110,154,33,19,20,20,59,229
5,1628470,Torrey Craig,2020-21,00,0,TOT,30.0,50,8,803.0,109,227,0.48,39,106,0.368,17,22,0.773,57,140,197,49,28,27,25,83,274
6,1628470,Torrey Craig,2021-22,00,1610612754,IND,31.0,51,14,1034.0,128,281,0.456,46,138,0.333,27,35,0.771,59,136,195,58,24,19,39,95,329
7,1628470,Torrey Craig,2021-22,00,1610612756,PHX,31.0,27,2,562.0,72,160,0.45,31,96,0.323,12,17,0.706,27,88,115,33,22,17,28,56,187
8,1628470,Torrey Craig,2021-22,00,0,TOT,31.0,78,16,1596.0,200,441,0.454,77,234,0.329,39,52,0.75,86,224,310,91,46,36,67,151,516
9,1628470,Torrey Craig,2022-23,00,1610612756,PHX,32.0,27,19,653.0,83,179,0.464,35,94,0.372,14,17,0.824,52,86,138,41,18,19,19,64,215
0,203109,Jae Crowder,2012-13,00,1610612742,DAL,22.0,78,16,1353.0,141,367,0.384,63,192,0.328,47,73,0.644,35,152,187,94,63,17,49,128,392
1,203109,Jae Crowder,2013-14,00,1610612742,DAL,23.0,78,8,1254.0,130,296,0.439,50,151,0.331,46,61,0.754,46,148,194,60,59,21,41,100,356
2,203109,Jae Crowder,2014-15,00,1610612742,DAL,24.0,25,0,265.0,33,76,0.434,13,38,0.342,10,11,0.909,12,17,29,12,15,5,10,26,89
3,203109,Jae Crowder,2014-15,00,1610612738,BOS,24.0,57,17,1382.0,196,469,0.418,48,170,0.282,99,130,0.762,60,204,264,82,57,20,39,111,539
4,203109,Jae Crowder,2014-15,00,0,TOT,24.0,82,17,1647.0,229,545,0.42,61,208,0.293,109,141,0.773,72,221,293,94,72,25,49,137,628
5,203109,Jae Crowder,2015-16,00,1610612738,BOS,25.0,73,73,2308.0,360,813,0.443,122,363,0.336,196,239,0.82,70,303,373,135,126,35,83,198,1038
6,203109,Jae Crowder,2016-17,00,1610612738,BOS,26.0,72,72,2335.0,333,720,0.463,157,394,0.398,176,217,0.811,48,367,415,155,73,23,80,161,999
7,203109,Jae Crowder,2017-18,00,1610612739,CLE,27.0,53,47,1346.0,157,376,0.418,62,189,0.328,78,92,0.848,41,132,173,58,41,12,42,124,454
8,203109,Jae Crowder,2017-18,00,1610612762,UTA,27.0,27,0,744.0,114,295,0.386,48,152,0.316,43,56,0.768,18,84,102,41,23,9,32,63,319
9,203109,Jae Crowder,2017-18,00,0,TOT,27.0,80,47,2090.0,271,671,0.404,110,341,0.323,121,148,0.818,59,216,275,99,64,21,74,187,773
10,203109,Jae Crowder,2018-19,00,1610612762,UTA,28.0,80,11,2166.0,318,797,0.399,173,522,0.331,142,197,0.721,60,324,384,133,64,31,85,170,951
11,203109,Jae Crowder,2019-20,00,1610612763,MEM,29.0,45,45,1322.0,147,399,0.368,78,266,0.293,75,95,0.789,40,237,277,125,47,14,54,85,447
12,203109,Jae Crowder,2019-20,00,1610612748,MIA,29.0,20,8,553.0,79,164,0.482,57,128,0.445,22,30,0.733,12,95,107,36,25,10,15,58,237
13,203109,Jae Crowder,2019-20,00,0,TOT,29.0,65,53,1875.0,226,563,0.401,135,394,0.343,97,125,0.776,52,332,384,161,72,24,69,143,684
14,203109,Jae Crowder,2020-21,00,1610612756,PHX,30.0,60,42,1648.0,199,492,0.404,148,380,0.389,57,75,0.76,32,250,282,127,48,27,55,125,603
15,203109,Jae Crowder,2021-22,00,1610612756,PHX,31.0,67,67,1886.0,217,544,0.399,127,365,0.348,71,90,0.789,30,324,354,124,95,30,55,173,632
0,1629633,Jarrett Culver,2019-20,00,1610612750,MIN,21.0,63,35,1506.0,230,569,0.404,66,221,0.299,54,117,0.462,70,142,212,110,57,38,81,125,580
1,1629633,Jarrett Culver,2020-21,00,1610612750,MIN,22.0,34,7,499.0,69,168,0.411,13,53,0.245,29,48,0.604,34,70,104,24,17,9,28,58,180
2,1629633,Jarrett Culver,2021-22,00,1610612763,MEM,23.0,37,0,338.0,51,135,0.378,12,47,0.255,16,34,0.471,13,35,48,33,20,5,20,42,130
3,1629633,Jarrett Culver,2022-23,00,1610612737,ATL,23.0,10,1,137.0,17,43,0.395,1,12,0.083,9,13,0.692,10,28,38,6,6,2,7,14,44
0,1630595,Cade Cunningham,2021-22,00,1610612765,DET,20.0,64,64,2088.0,429,1031,0.416,114,363,0.314,142,168,0.845,58,296,354,356,78,43,234,200,1114
1,1630595,Cade Cunningham,2022-23,00,1610612765,DET,21.0,12,12,400.0,93,224,0.415,17,61,0.279,36,43,0.837,12,62,74,72,10,7,39,34,239
0,203552,Seth Curry,2013-14,00,1610612763,MEM,23.0,1,0,4.0,0,0,0.0,0,0,0.0,0,0,0.0,0,0,0,0,0,0,0,0,0
1,203552,Seth Curry,2013-14,00,1610612739,CLE,23.0,1,0,9.0,1,3,0.333,1,1,1.0,0,0,0.0,0,1,1,0,2,0,0,0,3
2,203552,Seth Curry,2013-14,00,0,TOT,23.0,2,0,13.0,1,3,0.333,1,1,1.0,0,0,0.0,0,1,1,0,2,0,0,0,3
3,203552,Seth Curry,2014-15,00,1610612756,PHX,24.0,2,0,8.0,0,3,0.0,0,1,0.0,0,0,0.0,0,2,2,1,0,0,0,2,0
4,203552,Seth Curry,2015-16,00,1610612758,SAC,25.0,44,9,692.0,102,224,0.455,50,111,0.45,45,54,0.833,9,51,60,67,22,3,36,41,299
5,203552,Seth Curry,2016-17,00,1610612742,DAL,26.0,70,42,2029.0,338,703,0.481,137,322,0.425,85,100,0.85,25,154,179,189,79,7,92,126,898
6,203552,Seth Curry,2018-19,00,1610612757,POR,28.0,74,2,1399.0,212,465,0.456,113,251,0.45,44,52,0.846,27,93,120,66,36,12,61,97,581
7,203552,Seth Curry,2019-20,00,1610612742,DAL,29.0,64,25,1576.0,284,574,0.495,145,321,0.452,80,97,0.825,27,118,145,124,38,9,62,113,793
8,203552,Seth Curry,2020-21,00,1610612755,PHI,30.0,57,57,1638.0,258,552,0.467,126,280,0.45,69,77,0.896,10,126,136,155,44,8,65,96,711
9,203552,Seth Curry,2021-22,00,1610612755,PHI,31.0,45,45,1566.0,256,528,0.485,100,250,0.4,64,73,0.877,17,134,151,181,36,11,84,101,676
10,203552,Seth Curry,2021-22,00,1610612751,BKN,31.0,19,19,569.0,104,211,0.493,58,124,0.468,18,21,0.857,4,45,49,49,17,3,25,47,284
11,203552,Seth Curry,2021-22,00,0,TOT,31.0,64,64,2134.0,360,739,0.487,158,374,0.422,82,94,0.872,21,179,200,230,53,14,109,148,960
12,203552,Seth Curry,2022-23,00,1610612751,BKN,32.0,20,0,435.0,62,142,0.437,33,82,0.402,14,15,0.933,4,38,42,44,11,4,21,38,171
0,201939,Stephen Curry,2009-10,00,1610612744,GSW,22.0,80,77,2896.0,528,1143,0.462,166,380,0.437,177,200,0.885,48,308,356,472,152,19,243,252,1399
1,201939,Stephen Curry,2010-11,00,1610612744,GSW,23.0,74,74,2489.0,505,1053,0.48,151,342,0.442,212,227,0.934,52,234,286,432,109,20,226,233,1373
2,201939,Stephen Curry,2011-12,00,1610612744,GSW,24.0,26,23,732.0,145,296,0.49,55,121,0.455,38,47,0.809,15,73,88,138,39,8,65,62,383
3,201939,Stephen Curry,2012-13,00,1610612744,GSW,25.0,78,78,2983.0,626,1388,0.451,272,600,0.453,262,291,0.9,59,255,314,539,126,12,240,198,1786
4,201939,Stephen Curry,2013-14,00,1610612744,GSW,26.0,78,78,2846.0,652,1383,0.471,261,615,0.424,308,348,0.885,46,288,334,666,128,14,294,194,1873
5,201939,Stephen Curry,2014-15,00,1610612744,GSW,27.0,80,80,2613.0,653,1341,0.487,286,646,0.443,308,337,0.914,56,285,341,619,163,16,249,158,1900
6,201939,Stephen Curry,2015-16,00,1610612744,GSW,28.0,79,79,2700.0,805,1598,0.504,402,886,0.454,363,400,0.908,68,362,430,527,169,15,262,161,2375
7,201939,Stephen Curry,2016-17,00,1610612744,GSW,29.0,79,79,2639.0,675,1443,0.468,324,789,0.411,325,362,0.898,61,292,353,524,142,17,239,183,1999
8,201939,Stephen Curry,2017-18,00,1610612744,GSW,30.0,51,51,1631.0,428,864,0.495,212,501,0.423,278,302,0.921,36,225,261,310,80,8,153,114,1346
9,201939,Stephen Curry,2018-19,00,1610612744,GSW,31.0,69,69,2331.0,632,1340,0.472,354,810,0.437,263,287,0.916,45,324,369,361,92,25,192,166,1881
10,201939,Stephen Curry,2019-20,00,1610612744,GSW,32.0,5,5,139.0,33,82,0.402,12,49,0.245,26,26,1.0,4,22,26,33,5,2,16,11,104
11,201939,Stephen Curry,2020-21,00,1610612744,GSW,33.0,63,63,2152.0,658,1365,0.482,337,801,0.421,362,395,0.916,29,316,345,363,77,8,213,119,2015
12,201939,Stephen Curry,2021-22,00,1610612744,GSW,34.0,64,64,2211.0,535,1224,0.437,285,750,0.38,275,298,0.923,34,301,335,404,85,23,206,130,1630
13,201939,Stephen Curry,2022-23,00,1610612744,GSW,34.0,26,26,894.0,262,524,0.5,131,302,0.434,124,135,0.919,16,155,171,177,27,9,81,54,779
0,1630700,Dyson Daniels,2022-23,00,1610612740,NOP,19.0,21,5,429.0,45,89,0.506,14,34,0.412,15,22,0.682,13,63,76,49,16,5,18,46,119
0,1630268,Nate Darling,2020-21,00,1610612766,CHA,22.0,7,0,26.0,2,7,0.286,2,7,0.286,3,3,1.0,1,0,1,1,0,1,1,1,9
0,203076,Anthony Davis,2012-13,00,1610612740,NOH,20.0,64,60,1846.0,349,676,0.516,0,6,0.0,169,225,0.751,165,357,522,63,75,112,89,158,867
1,203076,Anthony Davis,2013-14,00,1610612740,NOP,21.0,67,66,2358.0,522,1005,0.519,2,9,0.222,348,440,0.791,207,466,673,105,89,189,109,200,1394
2,203076,Anthony Davis,2014-15,00,1610612740,NOP,22.0,68,68,2455.0,642,1199,0.535,1,12,0.083,371,461,0.805,173,523,696,149,100,200,95,141,1656
3,203076,Anthony Davis,2015-16,00,1610612740,NOP,23.0,61,61,2164.0,560,1136,0.493,35,108,0.324,326,430,0.758,130,497,627,116,78,125,121,148,1481
4,203076,Anthony Davis,2016-17,00,1610612740,NOP,24.0,75,75,2708.0,770,1526,0.505,40,134,0.299,519,647,0.802,172,712,884,157,94,167,181,168,2099
5,203076,Anthony Davis,2017-18,00,1610612740,NOP,25.0,75,75,2727.0,780,1462,0.534,55,162,0.34,495,598,0.828,187,644,831,174,115,193,162,159,2110
6,203076,Anthony Davis,2018-19,00,1610612740,NOP,26.0,56,56,1850.0,530,1026,0.517,48,145,0.331,344,433,0.794,174,498,672,218,88,135,112,132,1452
7,203076,Anthony Davis,2019-20,00,1610612747,LAL,27.0,62,62,2131.0,551,1096,0.503,72,218,0.33,444,525,0.846,142,435,577,200,91,143,154,156,1618
8,203076,Anthony Davis,2020-21,00,1610612747,LAL,28.0,36,36,1162.0,301,613,0.491,26,100,0.26,158,214,0.738,62,224,286,110,45,59,74,60,786
9,203076,Anthony Davis,2021-22,00,1610612747,LAL,29.0,40,40,1404.0,370,695,0.532,13,70,0.186,174,244,0.713,106,288,394,122,49,90,82,97,927
10,203076,Anthony Davis,2022-23,00,1610612747,LAL,29.0,25,25,836.0,255,430,0.593,9,31,0.29,166,201,0.826,78,224,302,66,33,53,47,68,685
0,1631098,Johnny Davis,2022-23,00,1610612764,WAS,20.0,8,0,45.0,3,11,0.273,0,2,0.0,3,3,1.0,1,4,5,2,0,1,1,12,9
0,1629056,Terence Davis,2019-20,00,1610612761,TOR,23.0,72,4,1209.0,199,436,0.456,94,242,0.388,51,59,0.864,50,187,237,115,39,14,76,124,543
1,1629056,Terence Davis,2020-21,00,1610612761,TOR,24.0,34,4,493.0,87,210,0.414,44,122,0.361,16,18,0.889,9,57,66,37,17,7,29,48,234
2,1629056,Terence Davis,2020-21,00,1610612758,SAC,24.0,27,0,581.0,108,246,0.439,54,145,0.372,29,37,0.784,11,77,88,46,27,7,34,49,299
3,1629056,Terence Davis,2020-21,00,0,TOT,24.0,61,4,1074.0,195,456,0.428,98,267,0.367,45,55,0.818,20,134,154,83,44,14,63,97,533
4,1629056,Terence Davis,2021-22,00,1610612758,SAC,25.0,30,11,536.0,113,267,0.423,49,149,0.329,36,44,0.818,11,83,94,40,25,11,33,70,311
5,1629056,Terence Davis,2022-23,00,1610612758,SAC,25.0,24,2,329.0,65,144,0.451,37,96,0.385,14,16,0.875,12,56,68,33,17,6,22,48,181
0,1631120,JD Davison,2022-23,00,1610612738,BOS,20.0,3,0,8.0,1,4,0.25,0,2,0.0,0,0,0.0,0,1,1,1,1,0,1,0,2
0,201942,DeMar DeRozan,2009-10,00,1610612761,TOR,20.0,77,65,1664.0,255,512,0.498,4,16,0.25,148,194,0.763,66,157,223,53,43,18,62,176,662
1,201942,DeMar DeRozan,2010-11,00,1610612761,TOR,21.0,82,82,2851.0,539,1154,0.467,5,52,0.096,327,402,0.813,75,240,315,148,85,31,144,217,1410
2,201942,DeMar DeRozan,2011-12,00,1610612761,TOR,22.0,63,63,2206.0,381,903,0.422,24,92,0.261,268,331,0.81,40,171,211,128,48,17,123,162,1054
3,201942,DeMar DeRozan,2012-13,00,1610612761,TOR,23.0,82,82,3013.0,548,1231,0.445,34,120,0.283,355,427,0.831,48,272,320,204,76,24,151,173,1485
4,201942,DeMar DeRozan,2013-14,00,1610612761,TOR,24.0,79,79,3017.0,604,1407,0.429,64,210,0.305,519,630,0.824,51,292,343,313,86,28,176,197,1791
5,201942,DeMar DeRozan,2014-15,00,1610612761,TOR,25.0,60,60,2100.0,409,990,0.413,25,88,0.284,361,434,0.832,41,236,277,210,73,11,137,122,1204
6,201942,DeMar DeRozan,2015-16,00,1610612761,TOR,26.0,78,78,2804.0,614,1377,0.446,47,139,0.338,555,653,0.85,64,285,349,315,81,21,175,167,1830
7,201942,DeMar DeRozan,2016-17,00,1610612761,TOR,27.0,74,74,2620.0,721,1545,0.467,33,124,0.266,545,647,0.842,70,316,386,290,78,13,180,134,2020
8,201942,DeMar DeRozan,2017-18,00,1610612761,TOR,28.0,80,80,2712.0,645,1413,0.456,89,287,0.31,461,559,0.825,59,256,315,417,85,22,175,151,1840
9,201942,DeMar DeRozan,2018-19,00,1610612759,SAS,29.0,77,77,2688.0,631,1313,0.481,7,45,0.156,366,441,0.83,54,408,462,475,86,36,199,177,1635
10,201942,DeMar DeRozan,2019-20,00,1610612759,SAS,30.0,68,68,2316.0,557,1049,0.531,9,35,0.257,381,451,0.845,44,331,375,380,70,20,164,180,1504
11,201942,DeMar DeRozan,2020-21,00,1610612759,SAS,31.0,61,61,2056.0,455,920,0.495,19,74,0.257,387,440,0.88,40,219,259,422,56,15,119,128,1316
12,201942,DeMar DeRozan,2021-22,00,1610612741,CHI,32.0,76,76,2743.0,774,1535,0.504,50,142,0.352,520,593,0.877,56,336,392,374,68,24,181,178,2118
13,201942,DeMar DeRozan,2022-23,00,1610612741,CHI,33.0,29,29,1024.0,262,520,0.504,13,42,0.31,213,239,0.891,13,130,143,136,24,12,60,77,750
0,203473,Dewayne Dedmon,2013-14,00,1610612744,GSW,24.0,4,0,6.0,0,1,0.0,0,0,0.0,1,2,0.5,0,0,0,0,0,0,0,1,1
1,203473,Dewayne Dedmon,2013-14,00,1610612755,PHI,24.0,11,0,150.0,15,29,0.517,0,0,0.0,7,13,0.538,11,38,49,3,0,9,9,28,37
2,203473,Dewayne Dedmon,2013-14,00,1610612753,ORL,24.0,16,6,234.0,23,53,0.434,0,0,0.0,13,17,0.765,27,51,78,2,7,13,9,37,59
3,203473,Dewayne Dedmon,2013-14,00,0,TOT,24.0,31,6,390.0,38,83,0.458,0,0,0.0,21,32,0.656,38,89,127,5,7,22,18,66,97
4,203473,Dewayne Dedmon,2014-15,00,1610612753,ORL,25.0,59,15,845.0,91,162,0.562,0,1,0.0,34,64,0.531,118,177,295,9,16,50,51,141,216
5,203473,Dewayne Dedmon,2015-16,00,1610612753,ORL,26.0,58,20,705.0,99,177,0.559,0,0,0.0,57,76,0.75,67,161,228,13,22,46,32,109,255
6,203473,Dewayne Dedmon,2016-17,00,1610612759,SAS,27.0,76,37,1330.0,161,259,0.622,0,0,0.0,65,93,0.699,129,367,496,44,37,61,61,180,387
7,203473,Dewayne Dedmon,2017-18,00,1610612737,ATL,28.0,62,46,1542.0,250,477,0.524,50,141,0.355,67,86,0.779,100,389,489,90,40,51,85,162,617
8,203473,Dewayne Dedmon,2018-19,00,1610612737,ATL,29.0,64,52,1609.0,259,526,0.492,83,217,0.382,92,113,0.814,105,375,480,90,69,71,84,214,693
9,203473,Dewayne Dedmon,2019-20,00,1610612758,SAC,30.0,34,10,541.0,69,171,0.404,14,71,0.197,23,28,0.821,46,121,167,15,15,26,47,93,175
10,203473,Dewayne Dedmon,2019-20,00,1610612737,ATL,30.0,10,8,233.0,33,84,0.393,8,36,0.222,7,8,0.875,14,68,82,7,10,15,10,40,81
11,203473,Dewayne Dedmon,2019-20,00,0,TOT,30.0,44,18,774.0,102,255,0.4,22,107,0.206,30,36,0.833,60,189,249,22,25,41,57,133,256
12,203473,Dewayne Dedmon,2020-21,00,1610612748,MIA,31.0,16,0,210.0,46,65,0.708,1,5,0.2,20,27,0.741,28,58,86,12,9,6,13,36,113
13,203473,Dewayne Dedmon,2021-22,00,1610612748,MIA,32.0,67,15,1065.0,164,290,0.566,19,47,0.404,75,100,0.75,105,281,386,47,24,42,70,174,422
14,203473,Dewayne Dedmon,2022-23,00,1610612748,MIA,33.0,25,0,306.0,61,120,0.508,11,35,0.314,29,40,0.725,25,68,93,15,5,12,16,51,162
0,203521,Matthew Dellavedova,2013-14,00,1610612739,CLE,23.0,72,4,1271.0,122,296,0.412,57,155,0.368,38,48,0.792,29,94,123,187,33,5,60,121,339
1,203521,Matthew Dellavedova,2014-15,00,1610612739,CLE,24.0,67,13,1380.0,111,307,0.362,68,167,0.407,29,38,0.763,37,89,126,204,24,2,61,152,319
2,203521,Matthew Dellavedova,2015-16,00,1610612739,CLE,25.0,76,14,1867.0,207,511,0.405,98,239,0.41,57,66,0.864,33,129,162,337,44,9,116,178,569
3,203521,Matthew Dellavedova,2016-17,00,1610612749,MIL,26.0,76,54,1986.0,208,534,0.39,79,215,0.367,82,96,0.854,24,123,147,357,53,0,133,153,577
4,203521,Matthew Dellavedova,2017-18,00,1610612749,MIL,27.0,38,3,713.0,55,152,0.362,29,78,0.372,25,27,0.926,14,50,64,145,14,0,49,67,164
5,203521,Matthew Dellavedova,2018-19,00,1610612749,MIL,28.0,12,0,97.0,6,19,0.316,4,11,0.364,4,4,1.0,0,10,10,29,2,0,11,9,20
6,203521,Matthew Dellavedova,2018-19,00,1610612739,CLE,28.0,36,0,715.0,92,223,0.413,40,119,0.336,38,48,0.792,6,61,67,152,12,2,57,66,262
7,203521,Matthew Dellavedova,2018-19,00,0,TOT,28.0,48,0,812.0,98,242,0.405,44,130,0.338,42,52,0.808,6,71,77,181,14,2,68,75,282
8,203521,Matthew Dellavedova,2019-20,00,1610612739,CLE,29.0,57,4,821.0,62,175,0.354,21,91,0.231,32,37,0.865,18,57,75,180,20,2,59,78,177
9,203521,Matthew Dellavedova,2020-21,00,1610612739,CLE,30.0,13,1,224.0,14,56,0.25,4,25,0.16,4,4,1.0,6,18,24,58,4,1,6,21,36
10,203521,Matthew Dellavedova,2022-23,00,1610612758,SAC,32.0,13,0,98.0,7,23,0.304,3,10,0.3,1,3,0.333,1,4,5,20,6,0,6,12,18
0,1628978,Donte DiVincenzo,2018-19,00,1610612749,MIL,22.0,27,0,411.0,50,124,0.403,22,83,0.265,9,12,0.75,16,49,65,31,13,6,19,38,131
1,1628978,Donte DiVincenzo,2019-20,00,1610612749,MIL,23.0,66,24,1520.0,232,510,0.455,83,247,0.336,63,86,0.733,66,252,318,154,85,20,90,113,610
2,1628978,Donte DiVincenzo,2020-21,00,1610612749,MIL,24.0,66,66,1815.0,253,603,0.42,131,346,0.379,51,71,0.718,81,299,380,203,72,15,91,112,688
3,1628978,Donte DiVincenzo,2021-22,00,1610612749,MIL,25.0,17,0,341.0,39,118,0.331,21,74,0.284,23,27,0.852,18,42,60,29,11,3,28,26,122
4,1628978,Donte DiVincenzo,2021-22,00,1610612758,SAC,25.0,25,1,665.0,79,218,0.362,53,144,0.368,47,56,0.839,22,88,110,89,37,5,44,43,258
5,1628978,Donte DiVincenzo,2021-22,00,0,TOT,25.0,42,1,1005.0,118,336,0.351,74,218,0.339,70,83,0.843,40,130,170,118,48,8,72,69,380
6,1628978,Donte DiVincenzo,2022-23,00,1610612744,GSW,25.0,23,4,472.0,50,129,0.388,32,86,0.372,16,20,0.8,20,75,95,62,27,2,33,46,148
0,1631217,Moussa Diabate,2022-23,00,1610612746,LAC,20.0,8,1,90.0,13,24,0.542,0,0,0.0,7,9,0.778,20,12,32,2,3,1,5,10,33
0,1629603,Mamadi Diakite,2020-21,00,1610612749,MIL,24.0,14,1,141.0,16,40,0.4,1,8,0.125,11,14,0.786,8,26,34,8,6,5,3,16,44
1,1629603,Mamadi Diakite,2021-22,00,1610612760,OKC,25.0,13,3,188.0,25,47,0.532,0,5,0.0,6,11,0.545,17,42,59,2,5,9,7,33,56
2,1629603,Mamadi Diakite,2022-23,00,1610612739,CLE,25.0,11,2,83.0,10,21,0.476,4,12,0.333,0,0,0.0,3,8,11,2,2,5,5,11,24
0,1628977,Hamidou Diallo,2018-19,00,1610612760,OKC,20.0,51,3,526.0,75,165,0.455,4,24,0.167,36,59,0.61,38,59,97,17,21,10,23,77,190
1,1628977,Hamidou Diallo,2019-20,00,1610612760,OKC,21.0,46,3,896.0,132,296,0.446,16,57,0.281,38,63,0.603,44,123,167,36,37,9,51,101,318
2,1628977,Hamidou Diallo,2020-21,00,1610612760,OKC,22.0,32,5,761.0,143,297,0.481,12,41,0.293,83,132,0.629,37,128,165,77,31,12,49,83,381
3,1628977,Hamidou Diallo,2020-21,00,1610612765,DET,22.0,20,4,465.0,81,173,0.468,16,41,0.39,45,68,0.662,22,85,107,24,10,12,27,51,223
4,1628977,Hamidou Diallo,2020-21,00,0,TOT,22.0,52,9,1226.0,224,470,0.477,28,82,0.341,128,200,0.64,59,213,272,101,41,24,76,134,604
5,1628977,Hamidou Diallo,2021-22,00,1610612765,DET,23.0,58,29,1269.0,261,526,0.496,23,93,0.247,91,140,0.65,69,208,277,73,71,17,58,143,636
6,1628977,Hamidou Diallo,2022-23,00,1610612765,DET,24.0,25,0,379.0,60,124,0.484,2,13,0.154,35,55,0.636,23,47,70,23,13,5,21,53,157
0,203476,Gorgui Dieng,2013-14,00,1610612750,MIN,24.0,60,15,818.0,113,227,0.498,1,1,1.0,59,93,0.634,103,197,300,39,30,50,54,108,286
1,203476,Gorgui Dieng,2014-15,00,1610612750,MIN,25.0,73,49,2193.0,259,512,0.506,1,6,0.167,191,244,0.783,223,386,609,146,71,126,126,188,710
2,203476,Gorgui Dieng,2015-16,00,1610612750,MIN,26.0,82,39,2220.0,308,579,0.532,6,20,0.3,205,248,0.827,157,428,585,143,94,96,140,219,827
3,203476,Gorgui Dieng,2016-17,00,1610612750,MIN,27.0,82,82,2653.0,332,661,0.502,16,43,0.372,136,167,0.814,188,459,647,158,88,95,107,254,816
4,203476,Gorgui Dieng,2017-18,00,1610612750,MIN,28.0,79,0,1333.0,186,388,0.479,19,61,0.311,79,102,0.775,106,254,360,71,45,39,59,147,470
5,203476,Gorgui Dieng,2018-19,00,1610612750,MIN,29.0,76,2,1031.0,189,377,0.501,19,56,0.339,88,106,0.83,81,230,311,72,48,41,57,134,485
6,203476,Gorgui Dieng,2019-20,00,1610612750,MIN,30.0,46,17,778.0,124,277,0.448,46,120,0.383,47,59,0.797,73,183,256,58,37,42,44,89,341
7,203476,Gorgui Dieng,2019-20,00,1610612763,MEM,30.0,17,0,318.0,42,87,0.483,8,32,0.25,31,42,0.738,18,80,98,15,14,17,16,35,123
8,203476,Gorgui Dieng,2019-20,00,0,TOT,30.0,63,17,1097.0,166,364,0.456,54,152,0.355,78,101,0.772,91,263,354,73,51,59,60,124,464
9,203476,Gorgui Dieng,2020-21,00,1610612763,MEM,31.0,22,1,371.0,56,108,0.519,23,48,0.479,38,43,0.884,28,70,98,29,17,14,22,38,173
10,203476,Gorgui Dieng,2020-21,00,1610612759,SAS,31.0,16,0,181.0,29,55,0.527,7,22,0.318,20,24,0.833,12,30,42,19,9,2,10,18,85
11,203476,Gorgui Dieng,2020-21,00,0,TOT,31.0,38,1,553.0,85,163,0.521,30,70,0.429,58,67,0.866,40,100,140,48,26,16,32,56,258
12,203476,Gorgui Dieng,2021-22,00,1610612737,ATL,32.0,44,3,371.0,53,112,0.473,29,68,0.426,19,26,0.731,32,89,121,34,11,13,20,52,154
13,203476,Gorgui Dieng,2022-23,00,1610612759,SAS,32.0,12,1,141.0,18,44,0.409,9,31,0.29,3,4,0.75,12,27,39,22,1,5,12,22,48
0,1631172,Ousmane Dieng,2022-23,00,1610612760,OKC,19.0,14,0,220.0,25,59,0.424,10,34,0.294,1,4,0.25,6,34,40,20,5,4,7,12,61
0,203915,Spencer Dinwiddie,2014-15,00,1610612765,DET,22.0,34,1,455.0,51,169,0.302,12,65,0.185,31,34,0.912,4,44,48,104,19,6,33,53,145
1,203915,Spencer Dinwiddie,2015-16,00,1610612765,DET,23.0,12,0,159.0,19,54,0.352,1,10,0.1,19,33,0.576,4,13,17,22,3,0,7,20,58
2,203915,Spencer Dinwiddie,2016-17,00,1610612751,BKN,24.0,59,18,1334.0,134,302,0.444,38,101,0.376,126,159,0.792,27,137,164,185,44,23,66,119,432
3,203915,Spencer Dinwiddie,2017-18,00,1610612751,BKN,25.0,80,58,2306.0,324,838,0.387,141,433,0.326,218,268,0.813,40,219,259,524,68,23,128,186,1007
4,203915,Spencer Dinwiddie,2018-19,00,1610612751,BKN,26.0,68,4,1914.0,366,828,0.442,124,370,0.335,287,356,0.806,26,140,166,311,40,17,152,187,1143
5,203915,Spencer Dinwiddie,2019-20,00,1610612751,BKN,27.0,64,49,1994.0,424,1021,0.415,123,400,0.308,347,446,0.778,32,189,221,432,40,21,174,180,1318
6,203915,Spencer Dinwiddie,2020-21,00,1610612751,BKN,28.0,3,3,64.0,6,16,0.375,2,7,0.286,6,6,1.0,0,13,13,9,2,1,5,4,20
7,203915,Spencer Dinwiddie,2021-22,00,1610612764,WAS,29.0,44,44,1330.0,185,492,0.376,70,226,0.31,116,143,0.811,36,171,207,256,27,7,73,107,556
8,203915,Spencer Dinwiddie,2021-22,00,1610612742,DAL,29.0,23,7,650.0,121,243,0.498,42,104,0.404,79,109,0.725,9,63,72,90,17,6,31,43,363
9,203915,Spencer Dinwiddie,2021-22,00,0,TOT,29.0,67,51,1981.0,306,735,0.416,112,330,0.339,195,252,0.774,45,234,279,346,44,13,104,150,919
10,203915,Spencer Dinwiddie,2022-23,00,1610612742,DAL,29.0,29,29,910.0,168,363,0.463,76,184,0.413,65,79,0.823,13,83,96,153,28,8,49,64,477
0,1629029,Luka Doncic,2018-19,00,1610612742,DAL,20.0,72,72,2318.0,506,1186,0.427,168,514,0.327,346,485,0.713,86,477,563,429,77,25,247,137,1526
1,1629029,Luka Doncic,2019-20,00,1610612742,DAL,21.0,61,61,2047.0,581,1255,0.463,171,541,0.316,426,562,0.758,78,495,573,538,62,14,260,153,1759
2,1629029,Luka Doncic,2020-21,00,1610612742,DAL,22.0,66,66,2262.0,647,1351,0.479,192,548,0.35,344,471,0.73,54,473,527,567,64,36,281,152,1830
3,1629029,Luka Doncic,2021-22,00,1610612742,DAL,23.0,65,65,2301.0,641,1403,0.457,201,569,0.353,364,489,0.744,56,537,593,568,75,36,292,145,1847
4,1629029,Luka Doncic,2022-23,00,1610612742,DAL,23.0,27,27,989.0,305,611,0.499,78,225,0.347,202,277,0.729,22,203,225,234,43,17,98,78,890
0,1628416,Tyler Dorsey,2017-18,00,1610612737,ATL,22.0,56,5,974.0,144,382,0.377,72,199,0.362,45,63,0.714,17,113,130,79,17,5,37,63,405
1,1628416,Tyler Dorsey,2018-19,00,1610612737,ATL,23.0,27,0,251.0,32,89,0.36,10,39,0.256,16,26,0.615,9,34,43,17,7,1,10,20,90
2,1628416,Tyler Dorsey,2018-19,00,1610612763,MEM,23.0,21,11,447.0,75,175,0.429,34,93,0.366,22,35,0.629,18,52,70,39,7,1,17,33,206
3,1628416,Tyler Dorsey,2018-19,00,0,TOT,23.0,48,11,698.0,107,264,0.405,44,132,0.333,38,61,0.623,27,86,113,56,14,2,27,53,296
4,1628416,Tyler Dorsey,2022-23,00,1610612742,DAL,26.0,2,0,7.0,4,5,0.8,1,2,0.5,0,0,0.0,1,1,2,0,0,0,0,0,9
0,1629652,Luguentz Dort,2019-20,00,1610612760,OKC,21.0,36,28,820.0,86,218,0.394,30,101,0.297,42,53,0.792,24,57,81,27,31,4,22,97,244
1,1629652,Luguentz Dort,2020-21,00,1610612760,OKC,22.0,52,52,1543.0,247,639,0.387,113,329,0.343,122,164,0.744,38,151,189,88,45,19,79,134,729
2,1629652,Luguentz Dort,2021-22,00,1610612760,OKC,23.0,51,51,1665.0,293,726,0.404,130,391,0.332,161,191,0.843,38,174,212,88,46,18,88,149,877
3,1629652,Luguentz Dort,2022-23,00,1610612760,OKC,23.0,29,29,878.0,140,348,0.402,51,156,0.327,73,97,0.753,46,84,130,72,30,10,44,94,404
0,1630245,Ayo Dosunmu,2021-22,00,1610612741,CHI,22.0,77,40,2110.0,278,535,0.52,70,186,0.376,53,78,0.679,27,187,214,256,60,29,108,182,679
1,1630245,Ayo Dosunmu,2022-23,00,1610612741,CHI,22.0,27,21,723.0,108,214,0.505,26,79,0.329,23,27,0.852,15,71,86,76,17,9,39,64,265
0,1629653,Devon Dotson,2020-21,00,1610612741,CHI,21.0,11,0,50.0,11,21,0.524,1,7,0.143,0,0,0.0,2,3,5,7,4,0,0,3,23
1,1629653,Devon Dotson,2021-22,00,1610612741,CHI,22.0,11,0,85.0,11,23,0.478,2,9,0.222,5,9,0.556,1,8,9,15,1,0,5,11,29
2,1629653,Devon Dotson,2022-23,00,1610612764,WAS,23.0,5,0,50.0,1,10,0.1,1,4,0.25,0,0,0.0,6,4,10,7,4,0,3,9,3
0,1630288,Jeff Dowtin,2021-22,00,1610612744,GSW,25.0,4,0,28.0,3,6,0.5,0,1,0.0,0,0,0.0,1,6,7,3,0,1,1,2,6
1,1630288,Jeff Dowtin,2021-22,00,1610612749,MIL,25.0,1,0,3.0,0,1,0.0,0,1,0.0,0,0,0.0,0,0,0,0,0,0,0,0,0
2,1630288,Jeff Dowtin,2021-22,00,1610612753,ORL,25.0,4,0,77.0,5,19,0.263,1,7,0.143,2,2,1.0,7,4,11,7,5,0,4,3,13
3,1630288,Jeff Dowtin,2021-22,00,0,TOT,25.0,9,0,108.0,8,26,0.308,1,9,0.111,2,2,1.0,8,10,18,10,5,1,5,5,19
4,1630288,Jeff Dowtin,2022-23,00,1610612761,TOR,25.0,9,0,67.0,9,18,0.5,1,4,0.25,1,1,1.0,4,6,10,8,0,1,1,4,20
0,1628408,P.J. Dozier,2017-18,00,1610612760,OKC,21.0,2,0,3.0,1,2,0.5,0,0,0.0,0,0,0.0,0,1,1,0,0,0,1,1,2
1,1628408,P.J. Dozier,2018-19,00,1610612738,BOS,22.0,6,0,51.0,8,21,0.381,2,8,0.25,1,2,0.5,6,11,17,5,2,0,0,2,19
2,1628408,P.J. Dozier,2019-20,00,1610612743,DEN,23.0,29,0,412.0,65,157,0.414,17,49,0.347,21,29,0.724,10,45,55,63,14,6,27,45,168
3,1628408,P.J. Dozier,2020-21,00,1610612743,DEN,24.0,50,6,1088.0,148,355,0.417,47,149,0.315,42,66,0.636,35,147,182,92,31,22,46,86,385
4,1628408,P.J. Dozier,2021-22,00,1610612743,DEN,25.0,18,0,340.0,36,99,0.364,15,48,0.313,10,13,0.769,14,49,63,29,11,6,13,33,97
0,201609,Goran Dragic,2008-09,00,1610612756,PHX,23.0,55,1,728.0,88,224,0.393,20,54,0.37,50,65,0.769,33,70,103,111,29,3,73,87,246
1,201609,Goran Dragic,2009-10,00,1610612756,PHX,24.0,80,2,1442.0,222,491,0.452,74,188,0.394,117,159,0.736,38,133,171,241,48,8,126,131,635
2,201609,Goran Dragic,2010-11,00,1610612756,PHX,25.0,48,2,856.0,133,316,0.421,28,101,0.277,59,97,0.608,24,62,86,149,36,6,96,90,353
3,201609,Goran Dragic,2010-11,00,1610612745,HOU,25.0,22,3,378.0,59,125,0.472,28,54,0.519,24,36,0.667,12,44,56,55,14,4,21,35,170
4,201609,Goran Dragic,2010-11,00,0,TOT,25.0,70,5,1234.0,192,441,0.435,56,155,0.361,83,133,0.624,36,106,142,204,50,10,117,125,523
5,201609,Goran Dragic,2011-12,00,1610612745,HOU,26.0,66,28,1752.0,277,600,0.462,68,202,0.337,153,190,0.805,53,115,168,351,85,10,157,166,775
6,201609,Goran Dragic,2012-13,00,1610612756,PHX,27.0,77,77,2581.0,401,906,0.443,88,276,0.319,244,326,0.748,60,178,238,569,124,26,212,214,1134
7,201609,Goran Dragic,2013-14,00,1610612756,PHX,28.0,76,75,2668.0,552,1093,0.505,122,299,0.408,316,416,0.76,69,176,245,447,104,22,213,206,1542
8,201609,Goran Dragic,2014-15,00,1610612756,PHX,29.0,52,52,1735.0,340,679,0.501,66,186,0.355,97,130,0.746,51,134,185,211,50,9,114,120,843
9,201609,Goran Dragic,2014-15,00,1610612748,MIA,29.0,26,26,905.0,162,323,0.502,24,73,0.329,84,104,0.808,30,59,89,139,28,6,59,75,432
10,201609,Goran Dragic,2014-15,00,0,TOT,29.0,78,78,2640.0,502,1002,0.501,90,259,0.347,181,234,0.774,81,193,274,350,78,15,173,195,1275
11,201609,Goran Dragic,2015-16,00,1610612748,MIA,30.0,72,72,2363.0,417,875,0.477,64,205,0.312,120,165,0.727,54,223,277,419,71,17,185,188,1018
12,201609,Goran Dragic,2016-17,00,1610612748,MIA,31.0,73,73,2459.0,534,1124,0.475,117,289,0.405,298,377,0.79,62,217,279,423,89,13,212,199,1483
13,201609,Goran Dragic,2017-18,00,1610612748,MIA,32.0,75,75,2378.0,484,1075,0.45,111,300,0.37,217,271,0.801,54,252,306,359,63,12,166,180,1296
14,201609,Goran Dragic,2018-19,00,1610612748,MIA,33.0,36,22,991.0,179,433,0.413,57,164,0.348,79,101,0.782,20,91,111,174,30,5,71,81,494
15,201609,Goran Dragic,2019-20,00,1610612748,MIA,34.0,59,3,1663.0,319,724,0.441,124,338,0.367,191,246,0.776,29,158,187,301,40,10,144,124,953
16,201609,Goran Dragic,2020-21,00,1610612748,MIA,35.0,50,11,1337.0,240,555,0.432,91,244,0.373,101,122,0.828,25,144,169,219,33,8,118,113,672
17,201609,Goran Dragic,2021-22,00,1610612761,TOR,36.0,5,2,90.0,13,34,0.382,4,14,0.286,10,10,1.0,2,12,14,9,5,1,1,8,40
18,201609,Goran Dragic,2021-22,00,1610612751,BKN,36.0,16,6,408.0,44,117,0.376,12,49,0.245,17,23,0.739,11,40,51,77,14,3,33,37,117
19,201609,Goran Dragic,2021-22,00,0,TOT,36.0,21,8,498.0,57,151,0.377,16,63,0.254,27,33,0.818,13,52,65,86,19,4,34,45,157
20,201609,Goran Dragic,2022-23,00,1610612741,CHI,36.0,28,0,473.0,83,189,0.439,30,77,0.39,22,34,0.647,11,32,43,91,7,4,34,38,218
0,203083,Andre Drummond,2012-13,00,1610612765,DET,19.0,60,10,1243.0,208,342,0.608,1,2,0.5,59,159,0.371,169,288,457,30,59,95,57,144,476
1,203083,Andre Drummond,2013-14,00,1610612765,DET,20.0,81,81,2619.0,479,769,0.623,0,2,0.0,137,328,0.418,440,631,1071,35,101,131,110,273,1095
2,203083,Andre Drummond,2014-15,00,1610612765,DET,21.0,82,82,2502.0,494,961,0.514,0,2,0.0,142,365,0.389,437,667,1104,55,73,153,120,285,1130
3,203083,Andre Drummond,2015-16,00,1610612765,DET,22.0,81,81,2666.0,552,1060,0.521,2,6,0.333,208,586,0.355,395,803,1198,67,119,112,155,245,1314
4,203083,Andre Drummond,2016-17,00,1610612765,DET,23.0,81,81,2409.0,483,911,0.53,2,7,0.286,137,355,0.386,345,770,1115,90,124,89,152,237,1105
5,203083,Andre Drummond,2017-18,00,1610612765,DET,24.0,78,78,2625.0,466,881,0.529,0,11,0.0,239,395,0.605,399,848,1247,237,114,127,200,250,1171
6,203083,Andre Drummond,2018-19,00,1610612765,DET,25.0,79,79,2647.0,561,1052,0.533,5,38,0.132,243,412,0.59,423,809,1232,112,136,138,175,272,1370
7,203083,Andre Drummond,2019-20,00,1610612765,DET,26.0,49,48,1654.0,360,679,0.53,1,21,0.048,149,255,0.584,226,549,775,138,97,82,174,176,870
8,203083,Andre Drummond,2019-20,00,1610612739,CLE,26.0,8,8,225.0,58,105,0.552,4,14,0.286,20,39,0.513,24,65,89,14,12,11,29,25,140
9,203083,Andre Drummond,2019-20,00,0,TOT,26.0,57,56,1878.0,418,784,0.533,5,35,0.143,169,294,0.575,250,614,864,152,109,93,203,201,1010
10,203083,Andre Drummond,2020-21,00,1610612739,CLE,27.0,25,25,722.0,180,380,0.474,0,8,0.0,77,129,0.597,101,236,337,64,40,29,81,69,437
11,203083,Andre Drummond,2020-21,00,1610612747,LAL,27.0,21,21,520.0,102,192,0.531,0,0,0.0,46,76,0.605,65,149,214,30,23,20,43,80,250
12,203083,Andre Drummond,2020-21,00,0,TOT,27.0,46,46,1242.0,282,572,0.493,0,8,0.0,123,205,0.6,166,385,551,94,63,49,124,149,687
13,203083,Andre Drummond,2021-22,00,1610612755,PHI,28.0,49,12,902.0,128,238,0.538,0,2,0.0,42,82,0.512,136,297,433,97,56,45,79,121,298
14,203083,Andre Drummond,2021-22,00,1610612751,BKN,28.0,24,24,535.0,119,195,0.61,0,1,0.0,44,82,0.537,93,154,247,34,22,23,36,71,282
15,203083,Andre Drummond,2021-22,00,0,TOT,28.0,73,36,1437.0,247,433,0.57,0,3,0.0,86,164,0.524,229,451,680,131,78,68,115,192,580
16,203083,Andre Drummond,2022-23,00,1610612741,CHI,29.0,22,0,306.0,60,107,0.561,0,2,0.0,20,34,0.588,50,107,157,19,14,8,26,47,140
0,1630537,Chris Duarte,2021-22,00,1610612754,IND,25.0,55,39,1541.0,268,621,0.432,94,255,0.369,90,112,0.804,41,185,226,114,56,10,90,95,720
1,1630537,Chris Duarte,2022-23,00,1610612754,IND,25.0,10,5,191.0,30,76,0.395,13,40,0.325,13,17,0.765,4,17,21,9,1,4,9,18,86
0,1630561,David Duke Jr.,2021-22,00,1610612751,BKN,22.0,22,7,341.0,39,108,0.361,9,37,0.243,17,21,0.81,30,37,67,17,14,7,9,36,104
1,1630561,David Duke Jr.,2022-23,00,1610612751,BKN,23.0,14,0,126.0,19,43,0.442,0,6,0.0,4,8,0.5,6,9,15,12,5,1,13,23,42
0,201142,Kevin Durant,2007-08,00,1610612760,SEA,19.0,80,80,2768.0,587,1366,0.43,59,205,0.288,391,448,0.873,70,278,348,192,78,75,232,122,1624
1,201142,Kevin Durant,2008-09,00,1610612760,OKC,20.0,74,74,2885.0,661,1390,0.476,97,230,0.422,452,524,0.863,77,405,482,205,96,53,225,134,1871
2,201142,Kevin Durant,2009-10,00,1610612760,OKC,21.0,82,82,3239.0,794,1668,0.476,128,351,0.365,756,840,0.9,105,518,623,231,112,84,271,171,2472
3,201142,Kevin Durant,2010-11,00,1610612760,OKC,22.0,78,78,3038.0,711,1538,0.462,145,414,0.35,594,675,0.88,57,476,533,214,88,76,218,159,2161
4,201142,Kevin Durant,2011-12,00,1610612760,OKC,23.0,66,66,2546.0,643,1297,0.496,133,344,0.387,431,501,0.86,40,487,527,231,88,77,248,133,1850
5,201142,Kevin Durant,2012-13,00,1610612760,OKC,24.0,81,81,3119.0,731,1433,0.51,139,334,0.416,679,750,0.905,46,594,640,374,116,105,280,143,2280
6,201142,Kevin Durant,2013-14,00,1610612760,OKC,25.0,81,81,3122.0,849,1688,0.503,192,491,0.391,703,805,0.873,58,540,598,445,103,59,285,174,2593
7,201142,Kevin Durant,2014-15,00,1610612760,OKC,26.0,27,27,913.0,238,467,0.51,64,159,0.403,146,171,0.854,16,162,178,110,24,25,74,40,686
8,201142,Kevin Durant,2015-16,00,1610612760,OKC,27.0,72,72,2578.0,698,1381,0.505,186,481,0.387,447,498,0.898,45,544,589,361,69,85,250,137,2029
9,201142,Kevin Durant,2016-17,00,1610612744,GSW,28.0,62,62,2070.0,551,1026,0.537,117,312,0.375,336,384,0.875,39,474,513,300,66,99,138,117,1555
10,201142,Kevin Durant,2017-18,00,1610612744,GSW,29.0,68,68,2325.0,630,1222,0.516,173,413,0.419,359,404,0.889,31,433,464,366,50,119,207,133,1792
11,201142,Kevin Durant,2018-19,00,1610612744,GSW,30.0,78,78,2702.0,721,1383,0.521,137,388,0.353,448,506,0.885,33,464,497,457,58,84,225,155,2027
12,201142,Kevin Durant,2020-21,00,1610612751,BKN,32.0,35,32,1157.0,324,603,0.537,85,189,0.45,210,238,0.882,13,234,247,195,25,45,120,70,943
13,201142,Kevin Durant,2021-22,00,1610612751,BKN,33.0,55,55,2047.0,578,1115,0.518,115,300,0.383,372,409,0.91,29,378,407,351,48,52,191,113,1643
14,201142,Kevin Durant,2022-23,00,1610612751,BKN,34.0,30,30,1101.0,326,577,0.565,51,141,0.362,208,225,0.924,10,188,198,158,22,49,107,71,911
0,1631105,Jalen Duren,2022-23,00,1610612765,DET,19.0,29,5,667.0,85,139,0.612,0,1,0.0,31,57,0.544,91,142,233,21,18,24,33,73,201
0,1631106,Tari Eason,2022-23,00,1610612745,HOU,21.0,29,0,542.0,95,223,0.426,21,58,0.362,36,42,0.857,63,92,155,24,36,14,25,64,247
0,1630162,Anthony Edwards,2020-21,00,1610612750,MIN,19.0,72,55,2314.0,505,1211,0.417,171,520,0.329,211,272,0.776,59,277,336,211,82,36,160,129,1392
1,1630162,Anthony Edwards,2021-22,00,1610612750,MIN,20.0,72,72,2466.0,549,1245,0.441,215,602,0.357,220,280,0.786,62,281,343,275,105,46,190,164,1533
2,1630162,Anthony Edwards,2022-23,00,1610612750,MIN,21.0,30,30,1093.0,246,539,0.456,77,212,0.363,118,158,0.747,21,155,176,129,56,11,96,85,687
0,1630556,Kessler Edwards,2021-22,00,1610612751,BKN,21.0,48,23,987.0,110,267,0.412,48,136,0.353,16,19,0.842,44,128,172,31,29,24,42,85,284
1,1630556,Kessler Edwards,2022-23,00,1610612751,BKN,22.0,13,1,74.0,6,22,0.273,2,11,0.182,1,2,0.5,6,8,14,2,3,1,4,3,15
0,1629604,CJ Elleby,2020-21,00,1610612757,POR,21.0,30,0,192.0,25,66,0.379,7,34,0.206,11,15,0.733,11,21,32,10,6,3,5,27,68
1,1629604,CJ Elleby,2021-22,00,1610612757,POR,22.0,58,28,1174.0,121,308,0.393,37,126,0.294,60,84,0.714,66,161,227,87,35,19,56,116,339
0,1631165,Keon Ellis,2022-23,00,1610612758,SAC,22.0,3,0,9.0,0,1,0.0,0,1,0.0,0,0,0.0,0,2,2,1,0,0,0,2,0
0,203954,Joel Embiid,2016-17,00,1610612755,PHI,23.0,31,31,786.0,200,429,0.466,36,98,0.367,191,244,0.783,61,182,243,66,27,76,117,112,627
1,203954,Joel Embiid,2017-18,00,1610612755,PHI,24.0,63,63,1912.0,510,1056,0.483,66,214,0.308,359,467,0.769,143,547,690,199,40,111,234,209,1445
2,203954,Joel Embiid,2018-19,00,1610612755,PHI,25.0,64,64,2154.0,580,1199,0.484,79,263,0.3,522,649,0.804,160,711,871,234,46,122,226,211,1761
3,203954,Joel Embiid,2019-20,00,1610612755,PHI,26.0,51,51,1506.0,382,801,0.477,57,172,0.331,351,435,0.807,141,452,593,152,45,65,159,174,1172
4,203954,Joel Embiid,2020-21,00,1610612755,PHI,27.0,51,51,1585.0,461,899,0.513,58,154,0.377,471,548,0.859,113,426,539,145,50,69,159,123,1451
5,203954,Joel Embiid,2021-22,00,1610612755,PHI,28.0,68,68,2296.0,666,1334,0.499,93,251,0.371,654,803,0.814,146,650,796,284,77,99,214,181,2079
6,203954,Joel Embiid,2022-23,00,1610612755,PHI,28.0,20,20,711.0,221,413,0.535,22,65,0.338,202,238,0.849,36,161,197,93,24,32,84,62,666
0,1629234,Drew Eubanks,2018-19,00,1610612759,SAS,22.0,23,0,113.0,15,26,0.577,0,0,0.0,11,13,0.846,6,28,34,7,2,5,8,11,41
1,1629234,Drew Eubanks,2019-20,00,1610612759,SAS,23.0,22,3,272.0,43,67,0.642,1,1,1.0,20,26,0.769,28,57,85,15,5,17,21,37,107
2,1629234,Drew Eubanks,2020-21,00,1610612759,SAS,24.0,54,3,755.0,116,205,0.566,2,2,1.0,77,106,0.726,74,167,241,42,18,49,45,88,311
3,1629234,Drew Eubanks,2021-22,00,1610612759,SAS,25.0,49,9,595.0,84,159,0.528,1,8,0.125,59,79,0.747,64,132,196,50,13,30,46,61,228
4,1629234,Drew Eubanks,2021-22,00,1610612757,POR,25.0,22,22,650.0,137,212,0.646,4,15,0.267,40,51,0.784,66,120,186,35,18,10,35,61,318
5,1629234,Drew Eubanks,2021-22,00,0,TOT,25.0,71,31,1245.0,221,371,0.596,5,23,0.217,99,130,0.762,130,252,382,85,31,40,81,122,546
6,1629234,Drew Eubanks,2022-23,00,1610612757,POR,25.0,28,3,482.0,68,91,0.747,1,2,0.5,24,35,0.686,38,73,111,23,11,27,22,52,161
0,202324,Derrick Favors,2010-11,00,1610612751,NJN,19.0,56,23,1091.0,141,276,0.511,0,0,0.0,71,116,0.612,126,171,297,21,18,41,56,183,353
1,202324,Derrick Favors,2010-11,00,1610612762,UTA,19.0,22,4,444.0,74,140,0.529,0,0,0.0,32,57,0.561,45,70,115,18,11,27,21,63,180
2,202324,Derrick Favors,2010-11,00,0,TOT,19.0,78,27,1536.0,215,416,0.517,0,0,0.0,103,173,0.595,171,241,412,39,29,68,77,246,533
3,202324,Derrick Favors,2011-12,00,1610612762,UTA,20.0,65,9,1376.0,222,445,0.499,0,0,0.0,126,194,0.649,158,267,425,43,38,65,103,145,570
4,202324,Derrick Favors,2012-13,00,1610612762,UTA,21.0,77,8,1787.0,274,568,0.482,0,5,0.0,179,260,0.688,184,362,546,75,67,130,129,247,727
5,202324,Derrick Favors,2013-14,00,1610612762,UTA,22.0,73,73,2201.0,390,747,0.522,0,1,0.0,190,284,0.669,199,438,637,91,75,108,129,236,970
6,202324,Derrick Favors,2014-15,00,1610612762,UTA,23.0,74,74,2280.0,482,918,0.525,1,6,0.167,222,332,0.669,196,411,607,112,60,123,121,210,1187
7,202324,Derrick Favors,2015-16,00,1610612762,UTA,24.0,62,59,1983.0,418,811,0.515,0,4,0.0,180,254,0.709,169,334,503,94,74,91,104,150,1016
8,202324,Derrick Favors,2016-17,00,1610612762,UTA,25.0,50,39,1186.0,203,417,0.487,3,10,0.3,67,109,0.615,92,213,305,56,45,40,60,103,476
9,202324,Derrick Favors,2017-18,00,1610612762,UTA,26.0,77,77,2153.0,395,702,0.563,14,63,0.222,140,215,0.651,198,354,552,102,54,82,88,164,944
10,202324,Derrick Favors,2018-19,00,1610612762,UTA,27.0,76,70,1766.0,363,619,0.586,17,78,0.218,154,228,0.675,207,353,560,89,56,106,84,163,897
11,202324,Derrick Favors,2019-20,00,1610612740,NOP,28.0,51,49,1242.0,209,339,0.617,1,7,0.143,40,71,0.563,163,338,501,81,30,46,55,107,459
12,202324,Derrick Favors,2020-21,00,1610612762,UTA,29.0,68,0,1039.0,155,243,0.638,0,2,0.0,59,80,0.738,138,238,376,44,32,68,36,143,369
13,202324,Derrick Favors,2021-22,00,1610612760,OKC,30.0,39,18,652.0,94,182,0.516,2,16,0.125,16,25,0.64,58,126,184,25,17,12,9,62,206
0,1628981,Bruno Fernando,2019-20,00,1610612737,ATL,21.0,56,13,713.0,103,199,0.518,5,37,0.135,29,51,0.569,67,131,198,49,18,17,42,107,240
1,1628981,Bruno Fernando,2020-21,00,1610612737,ATL,22.0,33,0,226.0,18,44,0.409,0,2,0.0,15,22,0.682,16,62,78,10,4,3,21,23,51
2,1628981,Bruno Fernando,2021-22,00,1610612738,BOS,23.0,20,0,58.0,7,14,0.5,1,1,1.0,4,5,0.8,7,8,15,4,0,3,5,6,19
3,1628981,Bruno Fernando,2021-22,00,1610612745,HOU,23.0,10,0,94.0,29,41,0.707,0,1,0.0,11,19,0.579,11,29,40,3,1,8,9,18,69
4,1628981,Bruno Fernando,2021-22,00,0,TOT,23.0,30,0,153.0,36,55,0.655,1,2,0.5,15,24,0.625,18,37,55,7,1,11,14,24,88
5,1628981,Bruno Fernando,2022-23,00,1610612745,HOU,24.0,12,3,143.0,23,37,0.622,0,1,0.0,10,16,0.625,22,29,51,15,4,10,7,27,56
0,1627827,Dorian Finney-Smith,2016-17,00,1610612742,DAL,24.0,81,35,1642.0,124,333,0.372,56,191,0.293,46,61,0.754,55,167,222,67,52,25,45,125,350
1,1627827,Dorian Finney-Smith,2017-18,00,1610612742,DAL,25.0,21,13,448.0,46,121,0.38,20,67,0.299,11,15,0.733,22,53,75,26,10,4,21,43,123
2,1627827,Dorian Finney-Smith,2018-19,00,1610612742,DAL,26.0,81,26,1985.0,228,528,0.432,79,254,0.311,73,103,0.709,138,251,389,95,69,36,74,186,608
3,1627827,Dorian Finney-Smith,2019-20,00,1610612742,DAL,27.0,71,68,2120.0,243,522,0.466,114,303,0.376,78,108,0.722,145,260,405,114,45,39,69,178,678
4,1627827,Dorian Finney-Smith,2020-21,00,1610612742,DAL,28.0,60,60,1921.0,220,466,0.472,119,302,0.394,31,41,0.756,98,228,326,102,52,25,48,138,590
5,1627827,Dorian Finney-Smith,2021-22,00,1610612742,DAL,29.0,80,80,2644.0,326,692,0.471,172,435,0.395,56,83,0.675,122,253,375,150,88,39,80,183,880
6,1627827,Dorian Finney-Smith,2022-23,00,1610612742,DAL,29.0,30,30,953.0,90,226,0.398,56,165,0.339,15,23,0.652,40,80,120,35,29,16,28,57,251
0,1630238,Malik Fitts,2020-21,00,1610612746,LAC,23.0,3,0,11.0,1,3,0.333,1,2,0.5,0,0,0.0,0,3,3,0,0,0,0,3,3
1,1630238,Malik Fitts,2021-22,00,1610612762,UTA,24.0,7,0,35.0,2,9,0.222,2,4,0.5,0,0,0.0,0,10,10,0,0,0,2,3,6
2,1630238,Malik Fitts,2021-22,00,1610612738,BOS,24.0,8,0,28.0,6,10,0.6,3,6,0.5,0,0,0.0,2,5,7,5,0,0,0,1,15
3,1630238,Malik Fitts,2021-22,00,0,TOT,24.0,15,0,63.0,8,19,0.421,5,10,0.5,0,0,0.0,2,15,17,5,0,0,2,4,21
0,1630201,Malachi Flynn,2020-21,00,1610612761,TOR,23.0,47,14,928.0,127,340,0.374,54,168,0.321,45,56,0.804,10,106,116,137,38,7,43,68,353
1,1630201,Malachi Flynn,2021-22,00,1610612761,TOR,24.0,44,5,537.0,72,183,0.393,30,90,0.333,15,24,0.625,10,53,63,70,20,4,13,45,189
2,1630201,Malachi Flynn,2022-23,00,1610612761,TOR,24.0,18,1,240.0,43,101,0.426,24,50,0.48,11,13,0.846,7,19,26,21,8,1,11,27,121
0,1631323,Simone Fontecchio,2022-23,00,1610612762,UTA,27.0,17,0,167.0,26,63,0.413,17,44,0.386,9,14,0.643,10,14,24,8,2,4,10,14,78
0,1627854,Bryn Forbes,2016-17,00,1610612759,SAS,23.0,36,0,285.0,36,99,0.364,17,53,0.321,5,6,0.833,2,21,23,23,1,0,11,20,94
1,1627854,Bryn Forbes,2017-18,00,1610612759,SAS,24.0,80,12,1517.0,209,497,0.421,89,228,0.39,48,72,0.667,12,98,110,80,28,2,37,108,555
2,1627854,Bryn Forbes,2018-19,00,1610612759,SAS,25.0,82,81,2293.0,361,791,0.456,176,413,0.426,69,78,0.885,18,221,239,175,45,4,80,159,967
3,1627854,Bryn Forbes,2019-20,00,1610612759,SAS,26.0,63,62,1579.0,242,581,0.417,148,381,0.388,75,90,0.833,12,114,126,108,33,0,57,113,707
4,1627854,Bryn Forbes,2020-21,00,1610612749,MIL,27.0,70,10,1354.0,250,529,0.473,154,341,0.452,47,61,0.77,11,101,112,45,24,1,44,77,701
5,1627854,Bryn Forbes,2021-22,00,1610612759,SAS,28.0,40,1,676.0,128,296,0.432,63,151,0.417,44,49,0.898,4,59,63,41,17,3,33,42,363
6,1627854,Bryn Forbes,2021-22,00,1610612743,DEN,28.0,35,1,610.0,103,243,0.424,59,144,0.41,35,38,0.921,6,24,30,34,8,2,23,53,300
7,1627854,Bryn Forbes,2021-22,00,0,TOT,28.0,75,2,1286.0,231,539,0.429,122,295,0.414,79,87,0.908,10,83,93,75,25,5,56,95,663
8,1627854,Bryn Forbes,2022-23,00,1610612750,MIN,29.0,16,0,168.0,21,60,0.35,8,31,0.258,7,7,1.0,3,5,8,11,7,0,6,11,57
0,1630235,Trent Forrest,2020-21,00,1610612762,UTA,23.0,30,0,302.0,32,71,0.451,5,26,0.192,19,19,1.0,11,33,44,45,9,4,21,22,88
1,1630235,Trent Forrest,2021-22,00,1610612762,UTA,24.0,60,6,766.0,76,155,0.49,5,27,0.185,38,48,0.792,23,76,99,106,30,6,48,43,195
2,1630235,Trent Forrest,2022-23,00,1610612737,ATL,24.0,13,3,196.0,20,42,0.476,0,2,0.0,2,3,0.667,5,19,24,26,6,2,7,14,42
0,1630701,Michael Foster Jr.,2022-23,00,1610612755,PHI,19.0,1,0,1.0,0,0,0.0,0,0,0.0,0,0,0.0,0,0,0,0,0,0,0,0,0
0,203095,Evan Fournier,2012-13,00,1610612743,DEN,20.0,38,4,428.0,75,152,0.493,22,54,0.407,30,39,0.769,6,29,35,44,19,1,32,65,202
1,203095,Evan Fournier,2013-14,00,1610612743,DEN,21.0,76,4,1504.0,228,544,0.419,89,237,0.376,93,123,0.756,34,168,202,112,34,7,100,179,638
2,203095,Evan Fournier,2014-15,00,1610612753,ORL,22.0,58,32,1661.0,253,575,0.44,85,225,0.378,107,147,0.728,28,125,153,120,40,2,82,116,698
3,203095,Evan Fournier,2015-16,00,1610612753,ORL,23.0,79,71,2566.0,429,929,0.462,156,390,0.4,199,238,0.836,33,192,225,214,96,2,133,214,1213
4,203095,Evan Fournier,2016-17,00,1610612753,ORL,24.0,68,66,2234.0,408,930,0.439,128,360,0.356,223,277,0.805,44,165,209,202,66,4,141,180,1167
5,203095,Evan Fournier,2017-18,00,1610612753,ORL,25.0,57,57,1837.0,368,802,0.459,127,335,0.379,150,173,0.867,23,157,180,165,47,16,95,138,1013
6,203095,Evan Fournier,2018-19,00,1610612753,ORL,26.0,81,81,2553.0,468,1069,0.438,153,450,0.34,137,170,0.806,38,220,258,295,71,12,154,225,1226
7,203095,Evan Fournier,2019-20,00,1610612753,ORL,27.0,66,66,2076.0,434,929,0.467,173,434,0.399,180,220,0.818,18,153,171,209,71,15,125,161,1221
8,203095,Evan Fournier,2020-21,00,1610612753,ORL,28.0,26,26,787.0,170,369,0.461,73,188,0.388,98,123,0.797,5,70,75,95,27,9,54,55,511
9,203095,Evan Fournier,2020-21,00,1610612738,BOS,28.0,16,10,472.0,77,172,0.448,44,95,0.463,10,14,0.714,5,48,53,49,20,10,19,41,208
10,203095,Evan Fournier,2020-21,00,0,TOT,28.0,42,36,1259.0,247,541,0.457,117,283,0.413,108,137,0.788,10,118,128,144,47,19,73,96,719
11,203095,Evan Fournier,2021-22,00,1610612752,NYK,29.0,80,80,2358.0,402,965,0.417,241,619,0.389,80,113,0.708,34,176,210,171,79,20,105,180,1125
12,203095,Evan Fournier,2022-23,00,1610612752,NYK,30.0,13,7,260.0,31,90,0.344,19,57,0.333,9,11,0.818,2,25,27,22,9,3,14,28,90
0,1628368,De'Aaron Fox,2017-18,00,1610612758,SAC,20.0,73,61,2026.0,328,797,0.412,47,153,0.307,141,195,0.723,33,171,204,320,70,20,173,163,844
1,1628368,De'Aaron Fox,2018-19,00,1610612758,SAC,21.0,81,81,2546.0,505,1102,0.458,86,232,0.371,303,417,0.727,43,261,304,590,133,45,227,204,1399
2,1628368,De'Aaron Fox,2019-20,00,1610612758,SAC,22.0,51,49,1634.0,391,815,0.48,54,185,0.292,241,342,0.705,35,161,196,348,74,25,158,145,1077
3,1628368,De'Aaron Fox,2020-21,00,1610612758,SAC,23.0,58,58,2036.0,529,1110,0.477,103,320,0.322,300,417,0.719,33,170,203,417,87,27,174,170,1461
4,1628368,De'Aaron Fox,2021-22,00,1610612758,SAC,24.0,59,59,2083.0,516,1092,0.473,74,249,0.297,261,348,0.75,25,206,231,330,68,25,168,172,1367
5,1628368,De'Aaron Fox,2022-23,00,1610612758,SAC,24.0,25,25,808.0,208,422,0.493,46,132,0.348,103,129,0.798,10,114,124,144,26,11,65,65,565
0,1628365,Markelle Fultz,2017-18,00,1610612755,PHI,20.0,14,0,253.0,45,111,0.405,0,1,0.0,10,21,0.476,11,32,43,53,12,4,17,22,100
1,1628365,Markelle Fultz,2018-19,00,1610612755,PHI,21.0,19,15,427.0,65,155,0.419,4,14,0.286,21,37,0.568,26,44,70,59,17,5,25,52,155
2,1628365,Markelle Fultz,2019-20,00,1610612753,ORL,22.0,72,60,1996.0,359,772,0.465,36,135,0.267,116,159,0.73,41,197,238,369,90,11,147,142,870
3,1628365,Markelle Fultz,2020-21,00,1610612753,ORL,23.0,8,8,215.0,41,104,0.394,4,16,0.25,17,19,0.895,5,20,25,43,8,2,18,18,103
4,1628365,Markelle Fultz,2021-22,00,1610612753,ORL,24.0,18,3,360.0,83,175,0.474,4,17,0.235,25,31,0.806,4,45,49,99,20,5,40,22,195
5,1628365,Markelle Fultz,2022-23,00,1610612753,ORL,24.0,10,10,264.0,43,95,0.453,5,12,0.417,13,16,0.813,13,22,35,47,14,3,27,27,104
0,1629117,Wenyen Gabriel,2019-20,00,1610612758,SAC,23.0,11,0,61.0,6,17,0.353,1,8,0.125,6,10,0.6,4,6,10,3,3,2,5,7,19
1,1629117,Wenyen Gabriel,2019-20,00,1610612757,POR,23.0,19,1,174.0,15,31,0.484,5,12,0.417,9,12,0.75,17,25,42,5,8,5,11,32,44
2,1629117,Wenyen Gabriel,2019-20,00,0,TOT,23.0,30,1,235.0,21,48,0.438,6,20,0.3,15,22,0.682,21,31,52,8,11,7,16,39,63
3,1629117,Wenyen Gabriel,2020-21,00,1610612740,NOP,24.0,21,0,241.0,24,60,0.4,13,32,0.406,11,17,0.647,20,34,54,11,9,8,15,32,72
4,1629117,Wenyen Gabriel,2021-22,00,1610612751,BKN,25.0,1,0,1.0,0,0,0.0,0,0,0.0,0,0,0.0,0,1,1,0,0,0,0,0,0
5,1629117,Wenyen Gabriel,2021-22,00,1610612746,LAC,25.0,6,0,46.0,5,13,0.385,2,5,0.4,2,4,0.5,5,9,14,2,1,2,3,11,14
6,1629117,Wenyen Gabriel,2021-22,00,1610612747,LAL,25.0,19,5,311.0,49,97,0.505,6,23,0.261,23,38,0.605,34,48,82,12,4,9,13,57,127
7,1629117,Wenyen Gabriel,2021-22,00,0,TOT,25.0,26,5,359.0,54,110,0.491,8,28,0.286,25,42,0.595,39,58,97,14,5,11,16,68,141
8,1629117,Wenyen Gabriel,2022-23,00,1610612747,LAL,25.0,20,2,271.0,40,67,0.597,4,13,0.308,18,22,0.818,26,47,73,13,11,10,14,35,102
0,1629655,Daniel Gafford,2019-20,00,1610612741,CHI,21.0,43,7,609.0,94,134,0.701,0,0,0.0,32,60,0.533,52,54,106,21,13,56,29,98,220
1,1629655,Daniel Gafford,2020-21,00,1610612741,CHI,22.0,31,11,383.0,60,87,0.69,0,0,0.0,27,41,0.659,44,59,103,17,11,34,22,54,147
2,1629655,Daniel Gafford,2020-21,00,1610612764,WAS,22.0,23,0,408.0,94,138,0.681,0,0,0.0,45,67,0.672,50,78,128,12,15,41,19,44,233
3,1629655,Daniel Gafford,2020-21,00,0,TOT,22.0,54,11,791.0,154,225,0.684,0,0,0.0,72,108,0.667,94,137,231,29,26,75,41,98,380
4,1629655,Daniel Gafford,2021-22,00,1610612764,WAS,23.0,72,53,1444.0,285,411,0.693,0,1,0.0,107,153,0.699,155,252,407,68,30,99,65,170,677
5,1629655,Daniel Gafford,2022-23,00,1610612764,WAS,24.0,31,0,444.0,81,110,0.736,0,0,0.0,35,59,0.593,50,83,133,14,11,34,26,53,197
0,201568,Danilo Gallinari,2008-09,00,1610612752,NYK,20.0,28,2,412.0,56,125,0.448,32,72,0.444,26,27,0.963,13,42,55,15,14,4,15,48,170
1,201568,Danilo Gallinari,2009-10,00,1610612752,NYK,21.0,81,74,2747.0,392,927,0.423,186,488,0.381,251,307,0.818,65,333,398,135,75,58,110,191,1221
2,201568,Danilo Gallinari,2010-11,00,1610612752,NYK,22.0,48,48,1671.0,211,509,0.415,83,239,0.347,259,290,0.893,48,181,229,82,38,18,58,117,764
3,201568,Danilo Gallinari,2010-11,00,1610612743,DEN,22.0,14,12,433.0,54,131,0.412,20,54,0.37,78,101,0.772,11,65,76,22,13,9,25,27,206
4,201568,Danilo Gallinari,2010-11,00,0,TOT,22.0,62,60,2104.0,265,640,0.414,103,293,0.352,337,391,0.862,59,246,305,104,51,27,83,144,970
5,201568,Danilo Gallinari,2011-12,00,1610612743,DEN,23.0,43,40,1351.0,193,466,0.414,60,183,0.328,182,209,0.871,28,174,202,116,42,23,68,86,628
6,201568,Danilo Gallinari,2012-13,00,1610612743,DEN,24.0,71,71,2309.0,364,871,0.418,135,362,0.373,286,348,0.822,65,302,367,176,64,36,111,130,1149
7,201568,Danilo Gallinari,2014-15,00,1610612743,DEN,26.0,59,27,1426.0,228,568,0.401,107,301,0.355,171,191,0.895,31,187,218,83,47,20,57,94,734
8,201568,Danilo Gallinari,2015-16,00,1610612743,DEN,27.0,53,53,1839.0,287,700,0.41,87,239,0.364,375,432,0.868,52,229,281,135,42,19,77,87,1036
9,201568,Danilo Gallinari,2016-17,00,1610612743,DEN,28.0,63,63,2134.0,335,750,0.447,126,324,0.389,349,387,0.902,39,286,325,135,40,15,82,93,1145
10,201568,Danilo Gallinari,2017-18,00,1610612746,LAC,29.0,21,21,671.0,102,256,0.398,36,111,0.324,81,87,0.931,9,92,101,41,13,10,26,30,321
11,201568,Danilo Gallinari,2018-19,00,1610612746,LAC,30.0,68,68,2059.0,409,884,0.463,161,372,0.433,367,406,0.904,54,363,417,178,49,23,99,129,1346
12,201568,Danilo Gallinari,2019-20,00,1610612760,OKC,31.0,62,62,1834.0,358,817,0.438,178,439,0.405,266,298,0.893,34,288,322,119,42,5,76,75,1160
13,201568,Danilo Gallinari,2020-21,00,1610612737,ATL,32.0,51,4,1222.0,206,475,0.434,103,254,0.406,161,174,0.925,17,194,211,76,30,10,43,105,676
14,201568,Danilo Gallinari,2021-22,00,1610612737,ATL,33.0,66,18,1672.0,259,597,0.434,112,294,0.381,141,156,0.904,35,273,308,101,28,12,38,93,771
0,204038,Langston Galloway,2014-15,00,1610612752,NYK,23.0,45,41,1457.0,204,511,0.399,62,176,0.352,63,78,0.808,37,153,190,150,52,12,61,129,533
1,204038,Langston Galloway,2015-16,00,1610612752,NYK,24.0,82,7,2033.0,231,588,0.393,77,224,0.344,86,114,0.754,43,245,288,207,77,22,61,177,625
2,204038,Langston Galloway,2016-17,00,1610612740,NOP,25.0,55,0,1120.0,165,441,0.374,101,268,0.377,40,52,0.769,20,101,121,65,40,5,28,76,471
3,204038,Langston Galloway,2016-17,00,1610612758,SAC,25.0,19,2,375.0,42,104,0.404,19,40,0.475,11,12,0.917,7,28,35,28,6,1,18,20,114
4,204038,Langston Galloway,2016-17,00,0,TOT,25.0,74,2,1494.0,207,545,0.38,120,308,0.39,51,64,0.797,27,129,156,93,46,6,46,96,585
5,204038,Langston Galloway,2017-18,00,1610612765,DET,26.0,58,2,863.0,126,340,0.371,75,218,0.344,33,41,0.805,13,79,92,58,35,5,18,39,360
6,204038,Langston Galloway,2018-19,00,1610612765,DET,27.0,80,4,1745.0,228,587,0.388,135,380,0.355,81,96,0.844,49,122,171,85,37,8,24,135,672
7,204038,Langston Galloway,2019-20,00,1610612765,DET,28.0,66,6,1702.0,236,542,0.435,132,331,0.399,73,85,0.859,33,116,149,101,48,11,40,96,677
8,204038,Langston Galloway,2020-21,00,1610612756,PHX,29.0,40,0,438.0,66,147,0.449,36,85,0.424,22,23,0.957,7,35,42,26,8,0,13,25,190
9,204038,Langston Galloway,2021-22,00,1610612751,BKN,30.0,4,0,58.0,5,13,0.385,2,8,0.25,0,0,0.0,1,7,8,5,0,0,5,5,12
10,204038,Langston Galloway,2021-22,00,1610612749,MIL,30.0,3,0,49.0,1,13,0.077,0,8,0.0,0,0,0.0,2,8,10,7,1,0,1,2,2
11,204038,Langston Galloway,2021-22,00,0,TOT,30.0,7,0,107.0,6,26,0.231,2,16,0.125,0,0,0.0,3,15,18,12,1,0,6,7,14
0,1629636,Darius Garland,2019-20,00,1610612739,CLE,20.0,59,59,1824.0,280,699,0.401,105,296,0.355,63,72,0.875,27,84,111,229,42,4,151,92,728
1,1629636,Darius Garland,2020-21,00,1610612739,CLE,21.0,54,50,1790.0,362,802,0.451,105,266,0.395,112,132,0.848,23,106,129,329,66,6,164,110,941
2,1629636,Darius Garland,2021-22,00,1610612739,CLE,22.0,68,68,2430.0,542,1173,0.462,174,454,0.383,215,241,0.892,39,185,224,583,89,7,248,115,1473
3,1629636,Darius Garland,2022-23,00,1610612739,CLE,22.0,25,25,905.0,177,417,0.424,61,161,0.379,105,119,0.882,10,59,69,201,36,5,79,50,520
0,1630585,Marcus Garrett,2021-22,00,1610612748,MIA,23.0,12,0,128.0,5,21,0.238,1,4,0.25,2,5,0.4,9,14,23,7,5,3,2,16,13
0,1630586,Usman Garuba,2021-22,00,1610612745,HOU,20.0,24,2,239.0,19,44,0.432,5,20,0.25,5,7,0.714,21,62,83,17,10,11,6,28,48
1,1630586,Usman Garuba,2022-23,00,1610612745,HOU,20.0,27,1,401.0,35,64,0.547,7,13,0.538,15,28,0.536,50,83,133,29,23,18,19,47,92
0,1630568,Luka Garza,2021-22,00,1610612765,DET,23.0,32,5,389.0,66,147,0.449,16,49,0.327,38,61,0.623,58,42,100,20,9,6,18,55,186
1,1630568,Luka Garza,2022-23,00,1610612750,MIN,23.0,5,0,22.0,5,8,0.625,0,2,0.0,3,4,0.75,2,5,7,3,0,0,1,3,13
0,200752,Rudy Gay,2006-07,00,1610612763,MEM,20.0,78,43,2103.0,321,760,0.422,52,143,0.364,152,209,0.727,93,255,348,100,71,74,140,192,846
1,200752,Rudy Gay,2007-08,00,1610612763,MEM,21.0,81,81,3000.0,625,1355,0.461,134,387,0.346,248,316,0.785,140,359,499,158,111,79,190,230,1632
2,200752,Rudy Gay,2008-09,00,1610612763,MEM,22.0,79,78,2945.0,572,1262,0.453,85,242,0.351,264,344,0.767,109,328,437,135,98,59,203,221,1493
3,200752,Rudy Gay,2009-10,00,1610612763,MEM,23.0,80,80,3175.0,600,1288,0.466,66,202,0.327,301,400,0.752,115,357,472,153,118,64,169,201,1567
4,200752,Rudy Gay,2010-11,00,1610612763,MEM,24.0,54,54,2152.0,409,869,0.471,57,144,0.396,194,241,0.805,82,254,336,153,91,58,135,131,1069
5,200752,Rudy Gay,2011-12,00,1610612763,MEM,25.0,65,65,2422.0,485,1067,0.455,54,173,0.312,208,263,0.791,130,287,417,147,95,55,161,138,1232
6,200752,Rudy Gay,2012-13,00,1610612763,MEM,26.0,42,42,1541.0,281,688,0.408,40,129,0.31,121,156,0.776,56,193,249,108,56,31,104,87,723
7,200752,Rudy Gay,2012-13,00,1610612761,TOR,26.0,33,32,1146.0,240,565,0.425,44,131,0.336,119,139,0.856,43,169,212,94,57,22,94,95,643
8,200752,Rudy Gay,2012-13,00,0,TOT,26.0,75,74,2687.0,521,1253,0.416,84,260,0.323,240,295,0.814,99,362,461,202,113,53,198,182,1366
9,200752,Rudy Gay,2013-14,00,1610612761,TOR,27.0,18,18,639.0,130,335,0.388,22,59,0.373,68,88,0.773,29,104,133,40,28,23,59,47,350
10,200752,Rudy Gay,2013-14,00,1610612758,SAC,27.0,55,55,1892.0,407,844,0.482,43,138,0.312,250,299,0.836,84,220,304,169,67,33,165,124,1107
11,200752,Rudy Gay,2013-14,00,0,TOT,27.0,73,73,2531.0,537,1179,0.455,65,197,0.33,318,387,0.822,113,324,437,209,95,56,224,171,1457
12,200752,Rudy Gay,2014-15,00,1610612758,SAC,28.0,68,67,2408.0,508,1116,0.455,79,220,0.359,337,393,0.858,98,301,399,250,71,41,183,157,1432
13,200752,Rudy Gay,2015-16,00,1610612758,SAC,29.0,70,70,2379.0,466,1007,0.463,74,215,0.344,198,254,0.78,103,353,456,120,100,51,139,184,1204
14,200752,Rudy Gay,2016-17,00,1610612758,SAC,30.0,30,30,1013.0,201,442,0.455,42,113,0.372,118,138,0.855,35,155,190,83,44,26,74,79,562
15,200752,Rudy Gay,2017-18,00,1610612759,SAS,31.0,57,6,1231.0,253,537,0.471,37,118,0.314,112,145,0.772,76,215,291,73,46,38,78,98,655
16,200752,Rudy Gay,2018-19,00,1610612759,SAS,32.0,69,51,1842.0,376,746,0.504,74,184,0.402,120,147,0.816,63,407,470,182,54,34,114,159,946
17,200752,Rudy Gay,2019-20,00,1610612759,SAS,33.0,67,5,1461.0,266,596,0.446,74,220,0.336,120,136,0.882,61,301,362,114,35,33,88,103,726
18,200752,Rudy Gay,2020-21,00,1610612759,SAS,34.0,63,1,1358.0,264,628,0.42,106,278,0.381,82,102,0.804,42,261,303,88,45,40,65,115,716
19,200752,Rudy Gay,2021-22,00,1610612762,UTA,35.0,55,1,1038.0,157,379,0.414,70,203,0.345,62,79,0.785,55,187,242,56,25,19,47,95,446
20,200752,Rudy Gay,2022-23,00,1610612762,UTA,36.0,18,0,284.0,33,93,0.355,11,50,0.22,4,8,0.5,11,48,59,15,9,9,12,24,81
0,202331,Paul George,2010-11,00,1610612754,IND,21.0,61,19,1265.0,179,395,0.453,41,138,0.297,77,101,0.762,37,187,224,65,62,26,70,127,476
1,202331,Paul George,2011-12,00,1610612754,IND,22.0,66,66,1958.0,281,639,0.44,90,234,0.385,146,182,0.802,56,314,370,158,108,38,117,191,798
2,202331,Paul George,2012-13,00,1610612754,IND,23.0,79,79,2972.0,493,1176,0.419,170,469,0.362,221,274,0.807,88,515,603,327,143,51,233,227,1377
3,202331,Paul George,2013-14,00,1610612754,IND,24.0,80,80,2898.0,577,1362,0.424,182,500,0.364,401,464,0.864,64,478,542,283,151,22,224,198,1737
4,202331,Paul George,2014-15,00,1610612754,IND,25.0,6,0,91.0,18,49,0.367,9,22,0.409,8,11,0.727,4,18,22,6,5,1,12,11,53
5,202331,Paul George,2015-16,00,1610612754,IND,26.0,81,81,2819.0,605,1449,0.418,210,566,0.371,454,528,0.86,79,484,563,329,152,29,265,230,1874
6,202331,Paul George,2016-17,00,1610612754,IND,27.0,75,75,2689.0,622,1348,0.461,195,496,0.393,336,374,0.898,58,434,492,251,119,27,220,206,1775
7,202331,Paul George,2017-18,00,1610612760,OKC,28.0,79,79,2891.0,576,1340,0.43,244,609,0.401,338,411,0.822,72,375,447,263,161,39,212,233,1734
8,202331,Paul George,2018-19,00,1610612760,OKC,29.0,77,77,2841.0,707,1614,0.438,292,757,0.386,453,540,0.839,105,523,628,318,170,34,205,214,2159
9,202331,Paul George,2019-20,00,1610612746,LAC,30.0,48,48,1419.0,343,782,0.439,157,381,0.412,190,217,0.876,24,248,272,185,68,20,125,113,1033
10,202331,Paul George,2020-21,00,1610612746,LAC,31.0,54,54,1821.0,445,953,0.467,171,416,0.411,198,228,0.868,45,314,359,280,62,24,179,132,1259
11,202331,Paul George,2021-22,00,1610612746,LAC,32.0,31,31,1077.0,268,636,0.421,91,257,0.354,127,148,0.858,12,201,213,176,67,13,126,74,754
12,202331,Paul George,2022-23,00,1610612746,LAC,32.0,22,22,751.0,178,397,0.448,63,166,0.38,97,111,0.874,16,122,138,108,31,10,76,58,516
0,201959,Taj Gibson,2009-10,00,1610612741,CHI,25.0,82,70,2204.0,311,629,0.494,0,0,0.0,113,175,0.646,226,385,611,70,50,104,114,282,735
1,201959,Taj Gibson,2010-11,00,1610612741,CHI,26.0,80,19,1742.0,234,502,0.466,1,8,0.125,100,148,0.676,162,296,458,58,39,106,71,203,569
2,201959,Taj Gibson,2011-12,00,1610612741,CHI,27.0,63,0,1284.0,200,404,0.495,0,0,0.0,84,135,0.622,135,197,332,47,27,81,60,131,484
3,201959,Taj Gibson,2012-13,00,1610612741,CHI,28.0,65,5,1459.0,214,441,0.485,0,4,0.0,89,131,0.679,125,220,345,61,27,90,76,166,517
4,201959,Taj Gibson,2013-14,00,1610612741,CHI,29.0,82,8,2351.0,429,896,0.479,0,7,0.0,211,281,0.751,200,358,558,91,41,112,150,207,1069
5,201959,Taj Gibson,2014-15,00,1610612741,CHI,30.0,62,17,1692.0,254,506,0.502,0,0,0.0,132,184,0.717,162,234,396,71,36,75,77,162,640
6,201959,Taj Gibson,2015-16,00,1610612741,CHI,31.0,73,55,1936.0,263,500,0.526,0,3,0.0,101,146,0.692,206,298,504,106,47,77,78,180,627
7,201959,Taj Gibson,2016-17,00,1610612741,CHI,32.0,55,55,1502.0,276,530,0.521,2,12,0.167,85,119,0.714,120,262,382,60,27,50,77,123,639
8,201959,Taj Gibson,2016-17,00,1610612760,OKC,32.0,23,16,487.0,89,179,0.497,1,1,1.0,28,39,0.718,38,65,103,13,14,15,28,40,207
9,201959,Taj Gibson,2016-17,00,0,TOT,32.0,78,71,1989.0,365,709,0.515,3,13,0.231,113,158,0.715,158,327,485,73,41,65,105,163,846
10,201959,Taj Gibson,2017-18,00,1610612750,MIN,33.0,82,82,2726.0,425,737,0.577,7,35,0.2,142,185,0.768,194,390,584,99,62,59,89,218,999
11,201959,Taj Gibson,2018-19,00,1610612750,MIN,34.0,70,57,1686.0,304,537,0.566,11,34,0.324,134,177,0.757,172,286,458,84,53,39,73,186,753
12,201959,Taj Gibson,2019-20,00,1610612752,NYK,35.0,62,56,1025.0,167,286,0.584,4,14,0.286,41,56,0.732,111,156,267,52,27,30,47,122,379
13,201959,Taj Gibson,2020-21,00,1610612752,NYK,36.0,45,3,936.0,99,158,0.627,3,15,0.2,40,55,0.727,99,151,250,36,31,49,22,99,241
14,201959,Taj Gibson,2021-22,00,1610612752,NYK,37.0,52,4,946.0,86,166,0.518,15,38,0.395,42,52,0.808,88,141,229,32,22,40,27,137,229
15,201959,Taj Gibson,2022-23,00,1610612764,WAS,37.0,18,1,125.0,16,38,0.421,3,11,0.273,11,14,0.786,8,15,23,7,6,3,6,23,46
0,1630581,Josh Giddey,2021-22,00,1610612760,OKC,19.0,54,54,1700.0,281,670,0.419,56,213,0.263,56,79,0.709,98,323,421,345,51,20,171,88,674
1,1630581,Josh Giddey,2022-23,00,1610612760,OKC,20.0,26,26,802.0,164,360,0.456,26,82,0.317,28,38,0.737,43,168,211,142,16,12,84,52,382
0,1628983,Shai Gilgeous-Alexander,2018-19,00,1610612746,LAC,20.0,82,73,2174.0,341,716,0.476,51,139,0.367,156,195,0.8,57,175,232,270,96,45,141,175,889
1,1628983,Shai Gilgeous-Alexander,2019-20,00,1610612760,OKC,21.0,70,70,2428.0,478,1015,0.471,87,251,0.347,288,357,0.807,47,365,412,232,79,47,134,117,1331
2,1628983,Shai Gilgeous-Alexander,2020-21,00,1610612760,OKC,22.0,35,35,1180.0,287,565,0.508,71,170,0.418,185,229,0.808,19,147,166,207,27,23,106,70,830
3,1628983,Shai Gilgeous-Alexander,2021-22,00,1610612760,OKC,23.0,56,56,1942.0,477,1052,0.453,89,297,0.3,328,405,0.81,37,241,278,331,71,46,154,142,1371
4,1628983,Shai Gilgeous-Alexander,2022-23,00,1610612760,OKC,24.0,27,27,963.0,281,557,0.504,28,83,0.337,252,271,0.93,23,104,127,157,46,26,92,70,842
0,1630264,Anthony Gill,2020-21,00,1610612764,WAS,28.0,26,4,218.0,30,60,0.5,7,24,0.292,13,16,0.813,16,35,51,11,10,4,8,27,80
1,1630264,Anthony Gill,2021-22,00,1610612764,WAS,29.0,44,0,463.0,62,109,0.569,14,26,0.538,42,52,0.808,33,52,85,27,5,11,18,58,180
2,1630264,Anthony Gill,2022-23,00,1610612764,WAS,30.0,26,4,290.0,30,53,0.566,2,14,0.143,13,15,0.867,15,25,40,13,5,5,5,35,75
0,203497,Rudy Gobert,2013-14,00,1610612762,UTA,22.0,45,0,434.0,36,74,0.486,0,0,0.0,32,65,0.492,51,104,155,7,8,41,32,57,104
1,203497,Rudy Gobert,2014-15,00,1610612762,UTA,23.0,82,37,2158.0,258,427,0.604,0,2,0.0,170,273,0.623,265,510,775,109,64,189,111,175,686
2,203497,Rudy Gobert,2015-16,00,1610612762,UTA,24.0,61,60,1932.0,198,354,0.559,0,0,0.0,161,283,0.569,208,460,668,91,45,135,114,163,557
3,203497,Rudy Gobert,2016-17,00,1610612762,UTA,25.0,81,81,2744.0,413,625,0.661,0,1,0.0,311,476,0.653,314,721,1035,97,49,214,147,246,1137
4,203497,Rudy Gobert,2017-18,00,1610612762,UTA,26.0,56,56,1816.0,276,444,0.622,0,0,0.0,204,299,0.682,165,436,601,80,44,129,107,153,756
5,203497,Rudy Gobert,2018-19,00,1610612762,UTA,27.0,81,80,2577.0,476,712,0.669,0,0,0.0,332,522,0.636,309,732,1041,161,66,187,130,231,1284
6,203497,Rudy Gobert,2019-20,00,1610612762,UTA,28.0,68,68,2333.0,386,557,0.693,0,0,0.0,254,403,0.63,230,686,916,101,51,135,130,215,1026
7,203497,Rudy Gobert,2020-21,00,1610612762,UTA,29.0,71,71,2187.0,391,579,0.675,0,4,0.0,233,374,0.623,240,720,960,89,40,190,118,163,1015
8,203497,Rudy Gobert,2021-22,00,1610612762,UTA,30.0,66,66,2120.0,362,508,0.713,0,4,0.0,303,439,0.69,241,727,968,72,45,137,119,176,1027
9,203497,Rudy Gobert,2022-23,00,1610612750,MIN,30.0,26,26,808.0,137,210,0.652,0,3,0.0,92,131,0.702,95,221,316,23,22,32,42,82,366
0,1630692,Jordan Goodwin,2021-22,00,1610612764,WAS,23.0,2,0,6.0,0,3,0.0,0,1,0.0,0,0,0.0,0,1,1,0,0,0,0,1,0
1,1630692,Jordan Goodwin,2022-23,00,1610612764,WAS,24.0,24,3,534.0,74,153,0.484,19,47,0.404,24,33,0.727,30,70,100,78,31,14,26,45,191
0,203932,Aaron Gordon,2014-15,00,1610612753,ORL,19.0,47,8,797.0,93,208,0.447,13,48,0.271,44,61,0.721,46,123,169,33,21,22,38,83,243
1,203932,Aaron Gordon,2015-16,00,1610612753,ORL,20.0,78,37,1863.0,274,579,0.473,42,142,0.296,129,193,0.668,154,353,507,128,59,55,66,153,719
2,203932,Aaron Gordon,2016-17,00,1610612753,ORL,21.0,80,72,2298.0,393,865,0.454,77,267,0.288,156,217,0.719,116,289,405,150,65,40,89,172,1019
3,203932,Aaron Gordon,2017-18,00,1610612753,ORL,22.0,58,57,1909.0,375,865,0.434,115,342,0.336,157,225,0.698,87,370,457,136,59,45,107,111,1022
4,203932,Aaron Gordon,2018-19,00,1610612753,ORL,23.0,78,78,2633.0,470,1046,0.449,121,347,0.349,185,253,0.731,129,445,574,289,57,56,162,172,1246
5,203932,Aaron Gordon,2019-20,00,1610612753,ORL,24.0,62,62,2017.0,335,767,0.437,73,237,0.308,151,224,0.674,107,368,475,228,51,39,100,125,894
6,203932,Aaron Gordon,2020-21,00,1610612753,ORL,25.0,25,25,736.0,128,293,0.437,42,112,0.375,66,105,0.629,39,127,166,105,16,20,67,49,364
7,203932,Aaron Gordon,2020-21,00,1610612743,DEN,25.0,25,25,648.0,103,206,0.5,17,64,0.266,31,44,0.705,38,80,118,56,17,14,30,40,254
8,203932,Aaron Gordon,2020-21,00,0,TOT,25.0,50,50,1384.0,231,499,0.463,59,176,0.335,97,149,0.651,77,207,284,161,33,34,97,89,618
9,203932,Aaron Gordon,2021-22,00,1610612743,DEN,26.0,75,75,2375.0,434,834,0.52,87,260,0.335,171,230,0.743,125,314,439,188,44,44,133,148,1126
10,203932,Aaron Gordon,2022-23,00,1610612743,DEN,27.0,26,26,768.0,170,278,0.612,28,72,0.389,74,113,0.655,58,109,167,54,23,20,41,51,442
0,201569,Eric Gordon,2008-09,00,1610612746,LAC,20.0,78,65,2677.0,411,901,0.456,131,337,0.389,299,350,0.854,45,156,201,215,78,35,164,172,1252
1,201569,Eric Gordon,2009-10,00,1610612746,LAC,21.0,62,60,2229.0,352,784,0.449,119,321,0.371,222,299,0.742,25,135,160,186,69,14,144,96,1045
2,201569,Eric Gordon,2010-11,00,1610612746,LAC,22.0,56,56,2112.0,427,949,0.45,106,291,0.364,287,348,0.825,45,119,164,244,71,18,151,115,1247
3,201569,Eric Gordon,2011-12,00,1610612740,NOH,23.0,9,9,310.0,63,140,0.45,10,40,0.25,49,65,0.754,2,23,25,31,13,4,24,20,185
4,201569,Eric Gordon,2012-13,00,1610612740,NOH,24.0,42,40,1264.0,235,584,0.402,56,173,0.324,187,222,0.842,10,67,77,137,45,8,117,75,713
5,201569,Eric Gordon,2013-14,00,1610612740,NOP,25.0,64,64,2057.0,356,817,0.436,101,258,0.391,175,223,0.785,30,135,165,208,74,12,134,114,988
6,201569,Eric Gordon,2014-15,00,1610612740,NOP,26.0,61,60,2018.0,285,694,0.411,141,315,0.448,107,133,0.805,28,131,159,229,50,14,122,145,818
7,201569,Eric Gordon,2015-16,00,1610612740,NOP,27.0,45,44,1481.0,231,552,0.418,113,294,0.384,111,125,0.888,10,89,99,121,43,14,73,98,686
8,201569,Eric Gordon,2016-17,00,1610612745,HOU,28.0,75,15,2323.0,412,1016,0.406,246,661,0.372,147,175,0.84,29,172,201,188,48,41,121,150,1217
9,201569,Eric Gordon,2017-18,00,1610612745,HOU,29.0,69,30,2154.0,415,970,0.428,218,608,0.359,195,241,0.809,25,145,170,154,44,27,130,116,1243
10,201569,Eric Gordon,2018-19,00,1610612745,HOU,30.0,68,53,2158.0,384,938,0.409,216,600,0.36,119,152,0.783,17,131,148,129,41,27,90,143,1103
11,201569,Eric Gordon,2019-20,00,1610612745,HOU,31.0,36,15,1016.0,171,463,0.369,96,303,0.317,82,107,0.766,9,62,71,54,23,13,43,70,520
12,201569,Eric Gordon,2020-21,00,1610612745,HOU,32.0,27,13,789.0,159,367,0.433,69,210,0.329,94,114,0.825,8,50,58,71,14,13,51,44,481
13,201569,Eric Gordon,2021-22,00,1610612745,HOU,33.0,57,46,1670.0,268,564,0.475,124,301,0.412,105,135,0.778,15,98,113,154,28,18,107,63,765
14,201569,Eric Gordon,2022-23,00,1610612745,HOU,33.0,25,25,739.0,101,236,0.428,48,136,0.353,46,54,0.852,7,42,49,60,16,10,47,19,296
0,1628984,Devonte' Graham,2018-19,00,1610612766,CHA,24.0,46,3,676.0,74,216,0.343,34,121,0.281,35,46,0.761,10,53,63,121,23,2,30,48,217
1,1628984,Devonte' Graham,2019-20,00,1610612766,CHA,25.0,63,53,2211.0,368,963,0.382,218,585,0.373,191,233,0.82,42,170,212,471,62,15,181,115,1145
2,1628984,Devonte' Graham,2020-21,00,1610612766,CHA,26.0,55,44,1659.0,252,669,0.377,179,477,0.375,133,158,0.842,22,126,148,295,48,6,84,77,816
3,1628984,Devonte' Graham,2021-22,00,1610612740,NOP,27.0,76,63,2162.0,296,815,0.363,192,563,0.341,118,140,0.843,37,140,177,316,71,12,105,95,902
4,1628984,Devonte' Graham,2022-23,00,1610612740,NOP,27.0,29,0,441.0,48,129,0.372,38,105,0.362,25,31,0.806,7,37,44,60,14,7,18,24,159
0,203924,Jerami Grant,2014-15,00,1610612755,PHI,21.0,65,11,1377.0,124,352,0.352,49,156,0.314,114,193,0.591,49,149,198,79,40,68,85,144,411
1,203924,Jerami Grant,2015-16,00,1610612755,PHI,22.0,77,52,2066.0,251,599,0.419,35,146,0.24,212,322,0.658,99,262,361,135,54,127,110,215,749
2,203924,Jerami Grant,2016-17,00,1610612755,PHI,23.0,2,0,41.0,6,17,0.353,0,2,0.0,4,8,0.5,0,6,6,0,0,4,3,5,16
3,203924,Jerami Grant,2016-17,00,1610612760,OKC,23.0,78,4,1490.0,146,311,0.469,43,114,0.377,86,139,0.619,38,161,199,46,33,75,41,144,421
4,203924,Jerami Grant,2016-17,00,0,TOT,23.0,80,4,1531.0,152,328,0.463,43,116,0.371,90,147,0.612,38,167,205,46,33,79,44,149,437
5,203924,Jerami Grant,2017-18,00,1610612760,OKC,24.0,81,1,1647.0,244,456,0.535,32,110,0.291,162,240,0.675,86,233,319,57,31,77,54,155,682
6,203924,Jerami Grant,2018-19,00,1610612760,OKC,25.0,80,77,2612.0,409,823,0.497,115,293,0.392,157,221,0.71,96,321,417,79,61,100,67,214,1090
7,203924,Jerami Grant,2019-20,00,1610612743,DEN,26.0,71,24,1892.0,303,634,0.478,98,252,0.389,147,196,0.75,58,190,248,88,50,57,63,154,851
8,203924,Jerami Grant,2020-21,00,1610612765,DET,27.0,54,54,1829.0,400,932,0.429,115,329,0.35,290,343,0.845,35,215,250,152,35,58,109,125,1205
9,203924,Jerami Grant,2021-22,00,1610612765,DET,28.0,47,47,1500.0,298,699,0.426,91,254,0.358,217,259,0.838,28,163,191,111,44,49,85,107,904
10,203924,Jerami Grant,2022-23,00,1610612757,POR,28.0,28,28,1000.0,200,424,0.472,75,168,0.446,137,172,0.797,24,88,112,74,21,23,52,64,612
